time,var_1,var_2,var_3
0.109825,0,0,0
0.125322,0,0,6
0.125573,0,0,12
0.126112,0,0,18
0.123969,0,0,24
0.128069,0,0,30
0.126211,0,0,36
0.141443,0,0,42
0.140767,0,0,48
0.143571,0,0,54
0.140766,0,0,60
0.140007,0,0,66
0.126375,0,0,72
0.12576,0,0,78
0.125278,0,0,84
0.126834,0,0,90
0.124769,0,0,96
0.111427,0,6,0
0.123028,0,6,6
0.124684,0,6,12
0.126195,0,6,18
0.125261,0,6,24
0.125827,0,6,30
0.141707,0,6,36
0.141947,0,6,42
0.142269,0,6,48
0.14327,0,6,54
0.141883,0,6,60
0.127485,0,6,66
0.126541,0,6,72
0.12453,0,6,78
0.12584,0,6,84
0.125641,0,6,90
0.126241,0,6,96
0.126625,0,12,0
0.126258,0,12,6
0.124986,0,12,12
0.128121,0,12,18
0.141076,0,12,24
0.141381,0,12,30
0.139498,0,12,36
0.140697,0,12,42
0.139776,0,12,48
0.140481,0,12,54
0.142402,0,12,60
0.142416,0,12,66
0.127631,0,12,72
0.142037,0,12,78
0.12519,0,12,84
0.125706,0,12,90
0.126199,0,12,96
0.125534,0,18,0
0.12606,0,18,6
0.12661,0,18,12
0.127513,0,18,18
0.126417,0,18,24
0.140833,0,18,30
0.141891,0,18,36
0.139258,0,18,42
0.142155,0,18,48
0.139724,0,18,54
0.140926,0,18,60
0.140974,0,18,66
0.142105,0,18,72
0.128514,0,18,78
0.139188,0,18,84
0.125917,0,18,90
0.141398,0,18,96
0.124395,0,24,0
0.127386,0,24,6
0.127003,0,24,12
0.141556,0,24,18
0.142264,0,24,24
0.141546,0,24,30
0.140688,0,24,36
0.143023,0,24,42
0.141201,0,24,48
0.15731,0,24,54
0.141294,0,24,60
0.142951,0,24,66
0.142739,0,24,72
0.14252,0,24,78
0.140931,0,24,84
0.140475,0,24,90
0.12688,0,24,96
0.127365,0,30,0
0.125001,0,30,6
0.125924,0,30,12
0.125909,0,30,18
0.141589,0,30,24
0.139674,0,30,30
0.141154,0,30,36
0.154298,0,30,42
0.156033,0,30,48
0.141479,0,30,54
0.142348,0,30,60
0.154628,0,30,66
0.140381,0,30,72
0.140506,0,30,78
0.140624,0,30,84
0.126412,0,30,90
0.140514,0,30,96
0.124884,0,36,0
0.124452,0,36,6
0.140425,0,36,12
0.140602,0,36,18
0.141959,0,36,24
0.139376,0,36,30
0.155291,0,36,36
0.156202,0,36,42
0.159031,0,36,48
0.155297,0,36,54
0.141492,0,36,60
0.140759,0,36,66
0.140091,0,36,72
0.142281,0,36,78
0.139957,0,36,84
0.139142,0,36,90
0.140022,0,36,96
0.126288,0,42,0
0.124911,0,42,6
0.139872,0,42,12
0.140713,0,42,18
0.140669,0,42,24
0.156284,0,42,30
0.156115,0,42,36
0.15658,0,42,42
0.156572,0,42,48
0.156014,0,42,54
0.155315,0,42,60
0.155874,0,42,66
0.157247,0,42,72
0.142983,0,42,78
0.138943,0,42,84
0.140261,0,42,90
0.140956,0,42,96
0.125425,0,48,0
0.141175,0,48,6
0.139832,0,48,12
0.139514,0,48,18
0.156032,0,48,24
0.15641,0,48,30
0.174192,0,48,36
0.159432,0,48,42
0.153001,0,48,48
0.15711,0,48,54
0.157908,0,48,60
0.157189,0,48,66
0.156391,0,48,72
0.155781,0,48,78
0.140752,0,48,84
0.155264,0,48,90
0.142115,0,48,96
0.126858,0,54,0
0.14279,0,54,6
0.140557,0,54,12
0.140581,0,54,18
0.154816,0,54,24
0.155281,0,54,30
0.154842,0,54,36
0.15731,0,54,42
0.157594,0,54,48
0.156539,0,54,54
0.155269,0,54,60
0.157493,0,54,66
0.158381,0,54,72
0.156402,0,54,78
0.142662,0,54,84
0.142759,0,54,90
0.140385,0,54,96
0.126003,0,60,0
0.142645,0,60,6
0.13992,0,60,12
0.140465,0,60,18
0.155985,0,60,24
0.158038,0,60,30
0.156262,0,60,36
0.154749,0,60,42
0.154306,0,60,48
0.156944,0,60,54
0.156428,0,60,60
0.156211,0,60,66
0.154991,0,60,72
0.155617,0,60,78
0.158993,0,60,84
0.155361,0,60,90
0.140262,0,60,96
0.13941,0,66,0
0.15662,0,66,6
0.140139,0,66,12
0.157761,0,66,18
0.15701,0,66,24
0.156413,0,66,30
0.153894,0,66,36
0.155393,0,66,42
0.174354,0,66,48
0.155133,0,66,54
0.156839,0,66,60
0.172181,0,66,66
0.156084,0,66,72
0.155942,0,66,78
0.155401,0,66,84
0.140315,0,66,90
0.13955,0,66,96
0.141193,0,72,0
0.139072,0,72,6
0.140923,0,72,12
0.141681,0,72,18
0.141187,0,72,24
0.155599,0,72,30
0.156213,0,72,36
0.156259,0,72,42
0.155971,0,72,48
0.154776,0,72,54
0.156456,0,72,60
0.153953,0,72,66
0.154915,0,72,72
0.156426,0,72,78
0.156631,0,72,84
0.157733,0,72,90
0.140653,0,72,96
0.124027,0,78,0
0.139871,0,78,6
0.141902,0,78,12
0.138856,0,78,18
0.14146,0,78,24
0.142011,0,78,30
0.155971,0,78,36
0.15813,0,78,42
0.171731,0,78,48
0.170448,0,78,54
0.179439,0,78,60
0.151835,0,78,66
0.158024,0,78,72
0.172648,0,78,78
0.155166,0,78,84
0.156756,0,78,90
0.141755,0,78,96
0.142958,0,84,0
0.124831,0,84,6
0.14105,0,84,12
0.14078,0,84,18
0.154074,0,84,24
0.156653,0,84,30
0.156907,0,84,36
0.157021,0,84,42
0.157477,0,84,48
0.157041,0,84,54
0.156549,0,84,60
0.156671,0,84,66
0.155902,0,84,72
0.155592,0,84,78
0.155859,0,84,84
0.155671,0,84,90
0.155863,0,84,96
0.125371,0,90,0
0.126034,0,90,6
0.138585,0,90,12
0.140817,0,90,18
0.141108,0,90,24
0.142395,0,90,30
0.156167,0,90,36
0.158431,0,90,42
0.15567,0,90,48
0.155729,0,90,54
0.174388,0,90,60
0.189741,0,90,66
0.169141,0,90,72
0.156716,0,90,78
0.183902,0,90,84
0.140379,0,90,90
0.14103,0,90,96
0.126716,0,96,0
0.125281,0,96,6
0.141342,0,96,12
0.139184,0,96,18
0.140809,0,96,24
0.141843,0,96,30
0.14313,0,96,36
0.156233,0,96,42
0.157658,0,96,48
0.157409,0,96,54
0.156757,0,96,60
0.155948,0,96,66
0.156232,0,96,72
0.154901,0,96,78
0.156054,0,96,84
0.141628,0,96,90
0.141174,0,96,96
0.126162,6,0,0
0.12496,6,0,6
0.124952,6,0,12
0.125147,6,0,18
0.140305,6,0,24
0.142394,6,0,30
0.142932,6,0,36
0.142523,6,0,42
0.140206,6,0,48
0.140942,6,0,54
0.142909,6,0,60
0.141082,6,0,66
0.13886,6,0,72
0.139829,6,0,78
0.139932,6,0,84
0.1254,6,0,90
0.122541,6,0,96
0.125004,6,6,0
0.125383,6,6,6
0.125357,6,6,12
0.125702,6,6,18
0.139913,6,6,24
0.140673,6,6,30
0.14125,6,6,36
0.14054,6,6,42
0.141127,6,6,48
0.141888,6,6,54
0.139712,6,6,60
0.141838,6,6,66
0.153369,6,6,72
0.139744,6,6,78
0.16077,6,6,84
0.149078,6,6,90
0.140592,6,6,96
0.124725,6,12,0
0.125043,6,12,6
0.141319,6,12,12
0.141093,6,12,18
0.125667,6,12,24
0.14027,6,12,30
0.139099,6,12,36
0.139195,6,12,42
0.140985,6,12,48
0.140534,6,12,54
0.140998,6,12,60
0.140805,6,12,66
0.138983,6,12,72
0.140067,6,12,78
0.139857,6,12,84
0.124596,6,12,90
0.125586,6,12,96
0.126704,6,18,0
0.124186,6,18,6
0.142138,6,18,12
0.140292,6,18,18
0.141539,6,18,24
0.140184,6,18,30
0.139883,6,18,36
0.139645,6,18,42
0.156593,6,18,48
0.157616,6,18,54
0.141753,6,18,60
0.155219,6,18,66
0.155304,6,18,72
0.139951,6,18,78
0.138395,6,18,84
0.140144,6,18,90
0.141039,6,18,96
0.12613,6,24,0
0.125624,6,24,6
0.139507,6,24,12
0.140165,6,24,18
0.139575,6,24,24
0.139973,6,24,30
0.161145,6,24,36
0.153577,6,24,42
0.156606,6,24,48
0.156409,6,24,54
0.156116,6,24,60
0.154562,6,24,66
0.155549,6,24,72
0.139373,6,24,78
0.141331,6,24,84
0.140802,6,24,90
0.14142,6,24,96
0.125121,6,30,0
0.139605,6,30,6
0.14061,6,30,12
0.156362,6,30,18
0.139735,6,30,24
0.156892,6,30,30
0.15911,6,30,36
0.159474,6,30,42
0.156718,6,30,48
0.139868,6,30,54
0.14227,6,30,60
0.141775,6,30,66
0.156911,6,30,72
0.141662,6,30,78
0.142465,6,30,84
0.141573,6,30,90
0.142006,6,30,96
0.127363,6,36,0
0.140483,6,36,6
0.140425,6,36,12
0.140016,6,36,18
0.142446,6,36,24
0.142954,6,36,30
0.155605,6,36,36
0.158476,6,36,42
0.1578,6,36,48
0.155657,6,36,54
0.157487,6,36,60
0.156914,6,36,66
0.157375,6,36,72
0.154776,6,36,78
0.142549,6,36,84
0.140995,6,36,90
0.14136,6,36,96
0.138111,6,42,0
0.141345,6,42,6
0.139878,6,42,12
0.141554,6,42,18
0.158041,6,42,24
0.15616,6,42,30
0.157558,6,42,36
0.15796,6,42,42
0.156661,6,42,48
0.157791,6,42,54
0.156261,6,42,60
0.15609,6,42,66
0.171825,6,42,72
0.155272,6,42,78
0.15471,6,42,84
0.156337,6,42,90
0.141944,6,42,96
0.139729,6,48,0
0.141983,6,48,6
0.141453,6,48,12
0.141607,6,48,18
0.157149,6,48,24
0.156947,6,48,30
0.15701,6,48,36
0.158061,6,48,42
0.155481,6,48,48
0.158596,6,48,54
0.17083,6,48,60
0.155426,6,48,66
0.156845,6,48,72
0.157047,6,48,78
0.155395,6,48,84
0.155295,6,48,90
0.157072,6,48,96
0.139988,6,54,0
0.141892,6,54,6
0.156234,6,54,12
0.141293,6,54,18
0.155908,6,54,24
0.156059,6,54,30
0.155295,6,54,36
0.157496,6,54,42
0.171964,6,54,48
0.170132,6,54,54
0.170925,6,54,60
0.171201,6,54,66
0.171147,6,54,72
0.173064,6,54,78
0.156968,6,54,84
0.155227,6,54,90
0.139053,6,54,96
0.125488,6,60,0
0.124418,6,60,6
0.141229,6,60,12
0.14006,6,60,18
0.140027,6,60,24
0.156403,6,60,30
0.157494,6,60,36
0.155899,6,60,42
0.158774,6,60,48
0.171936,6,60,54
0.17228,6,60,60
0.17212,6,60,66
0.157032,6,60,72
0.156993,6,60,78
0.156527,6,60,84
0.141576,6,60,90
0.14195,6,60,96
0.12475,6,66,0
0.140405,6,66,6
0.139324,6,66,12
0.140303,6,66,18
0.155544,6,66,24
0.156891,6,66,30
0.156782,6,66,36
0.171453,6,66,42
0.170781,6,66,48
0.17043,6,66,54
0.171468,6,66,60
0.170717,6,66,66
0.173336,6,66,72
0.155985,6,66,78
0.156022,6,66,84
0.156249,6,66,90
0.157674,6,66,96
0.138807,6,72,0
0.139156,6,72,6
0.143206,6,72,12
0.140307,6,72,18
0.156927,6,72,24
0.155383,6,72,30
0.15675,6,72,36
0.171359,6,72,42
0.171891,6,72,48
0.174325,6,72,54
0.188584,6,72,60
0.173225,6,72,66
0.171988,6,72,72
0.171918,6,72,78
0.157119,6,72,84
0.158959,6,72,90
0.155808,6,72,96
0.12566,6,78,0
0.124837,6,78,6
0.140711,6,78,12
0.141393,6,78,18
0.156817,6,78,24
0.170887,6,78,30
0.157083,6,78,36
0.155382,6,78,42
0.170015,6,78,48
0.173166,6,78,54
0.172627,6,78,60
0.172608,6,78,66
0.172047,6,78,72
0.158737,6,78,78
0.156184,6,78,84
0.157607,6,78,90
0.156556,6,78,96
0.125818,6,84,0
0.141405,6,84,6
0.140229,6,84,12
0.155634,6,84,18
0.156751,6,84,24
0.156476,6,84,30
0.155605,6,84,36
0.155153,6,84,42
0.173,6,84,48
0.170865,6,84,54
0.172051,6,84,60
0.171819,6,84,66
0.157806,6,84,72
0.171682,6,84,78
0.156053,6,84,84
0.156929,6,84,90
0.173979,6,84,96
0.140145,6,90,0
0.140392,6,90,6
0.139939,6,90,12
0.142906,6,90,18
0.156819,6,90,24
0.156008,6,90,30
0.156445,6,90,36
0.172745,6,90,42
0.170091,6,90,48
0.173511,6,90,54
0.16968,6,90,60
0.172428,6,90,66
0.169886,6,90,72
0.171671,6,90,78
0.156642,6,90,84
0.155706,6,90,90
0.157473,6,90,96
0.128092,6,96,0
0.135849,6,96,6
0.142844,6,96,12
0.154598,6,96,18
0.140209,6,96,24
0.14207,6,96,30
0.140722,6,96,36
0.158694,6,96,42
0.187489,6,96,48
0.173399,6,96,54
0.156407,6,96,60
0.170757,6,96,66
0.156143,6,96,72
0.155571,6,96,78
0.156558,6,96,84
0.156036,6,96,90
0.139478,6,96,96
0.109797,12,0,0
0.124697,12,0,6
0.123648,12,0,12
0.127509,12,0,18
0.138857,12,0,24
0.141752,12,0,30
0.140038,12,0,36
0.14077,12,0,42
0.140244,12,0,48
0.14182,12,0,54
0.140912,12,0,60
0.141448,12,0,66
0.141146,12,0,72
0.12623,12,0,78
0.125166,12,0,84
0.142488,12,0,90
0.125276,12,0,96
0.124721,12,6,0
0.125201,12,6,6
0.125707,12,6,12
0.154414,12,6,18
0.140992,12,6,24
0.124108,12,6,30
0.142991,12,6,36
0.139239,12,6,42
0.142454,12,6,48
0.14126,12,6,54
0.157639,12,6,60
0.140929,12,6,66
0.1408,12,6,72
0.140787,12,6,78
0.142373,12,6,84
0.126346,12,6,90
0.126426,12,6,96
0.127047,12,12,0
0.126183,12,12,6
0.12525,12,12,12
0.140415,12,12,18
0.142108,12,12,24
0.141849,12,12,30
0.141732,12,12,36
0.140848,12,12,42
0.141284,12,12,48
0.158668,12,12,54
0.141902,12,12,60
0.141767,12,12,66
0.141921,12,12,72
0.143038,12,12,78
0.141776,12,12,84
0.142354,12,12,90
0.126824,12,12,96
0.125079,12,18,0
0.124707,12,18,6
0.141867,12,18,12
0.14273,12,18,18
0.139036,12,18,24
0.14109,12,18,30
0.156622,12,18,36
0.156405,12,18,42
0.155387,12,18,48
0.155481,12,18,54
0.141832,12,18,60
0.155389,12,18,66
0.140123,12,18,72
0.155714,12,18,78
0.140558,12,18,84
0.159356,12,18,90
0.139506,12,18,96
0.142145,12,24,0
0.141066,12,24,6
0.141045,12,24,12
0.138865,12,24,18
0.155571,12,24,24
0.156654,12,24,30
0.154157,12,24,36
0.156341,12,24,42
0.156148,12,24,48
0.157869,12,24,54
0.155475,12,24,60
0.15453,12,24,66
0.156978,12,24,72
0.155831,12,24,78
0.141589,12,24,84
0.159059,12,24,90
0.156883,12,24,96
0.156845,12,30,0
0.139988,12,30,6
0.143936,12,30,12
0.141749,12,30,18
0.154923,12,30,24
0.157403,12,30,30
0.156558,12,30,36
0.156156,12,30,42
0.155729,12,30,48
0.172879,12,30,54
0.156304,12,30,60
0.157519,12,30,66
0.155875,12,30,72
0.156562,12,30,78
0.156178,12,30,84
0.142556,12,30,90
0.140515,12,30,96
0.127282,12,36,0
0.139426,12,36,6
0.156141,12,36,12
0.156488,12,36,18
0.155042,12,36,24
0.158692,12,36,30
0.156191,12,36,36
0.157214,12,36,42
0.158419,12,36,48
0.172067,12,36,54
0.156261,12,36,60
0.157194,12,36,66
0.156863,12,36,72
0.155016,12,36,78
0.156645,12,36,84
0.156922,12,36,90
0.139848,12,36,96
0.141756,12,42,0
0.139518,12,42,6
0.140989,12,42,12
0.15441,12,42,18
0.155708,12,42,24
0.156534,12,42,30
0.154852,12,42,36
0.173917,12,42,42
0.172428,12,42,48
0.170542,12,42,54
0.172391,12,42,60
0.156938,12,42,66
0.157445,12,42,72
0.168957,12,42,78
0.157744,12,42,84
0.155878,12,42,90
0.156424,12,42,96
0.142573,12,48,0
0.142667,12,48,6
0.140269,12,48,12
0.15485,12,48,18
0.157915,12,48,24
0.157418,12,48,30
0.158534,12,48,36
0.170217,12,48,42
0.171406,12,48,48
0.15726,12,48,54
0.159371,12,48,60
0.170016,12,48,66
0.15668,12,48,72
0.171815,12,48,78
0.15755,12,48,84
0.15541,12,48,90
0.141727,12,48,96
0.140286,12,54,0
0.140275,12,54,6
0.13927,12,54,12
0.157325,12,54,18
0.156476,12,54,24
0.157442,12,54,30
0.157292,12,54,36
0.17092,12,54,42
0.172753,12,54,48
0.169939,12,54,54
0.188035,12,54,60
0.173983,12,54,66
0.186508,12,54,72
0.188957,12,54,78
0.158846,12,54,84
0.158161,12,54,90
0.155595,12,54,96
0.141785,12,60,0
0.140301,12,60,6
0.142324,12,60,12
0.156796,12,60,18
0.156532,12,60,24
0.157396,12,60,30
0.172259,12,60,36
0.171185,12,60,42
0.172221,12,60,48
0.169995,12,60,54
0.171637,12,60,60
0.172587,12,60,66
0.172945,12,60,72
0.173361,12,60,78
0.171783,12,60,84
0.157089,12,60,90
0.155654,12,60,96
0.140012,12,66,0
0.138811,12,66,6
0.140683,12,66,12
0.154063,12,66,18
0.157014,12,66,24
0.174393,12,66,30
0.172241,12,66,36
0.172784,12,66,42
0.170403,12,66,48
0.171006,12,66,54
0.171799,12,66,60
0.171754,12,66,66
0.172671,12,66,72
0.175407,12,66,78
0.171943,12,66,84
0.155473,12,66,90
0.155492,12,66,96
0.125438,12,72,0
0.141251,12,72,6
0.142818,12,72,12
0.158467,12,72,18
0.158298,12,72,24
0.159689,12,72,30
0.172979,12,72,36
0.172544,12,72,42
0.16959,12,72,48
0.171824,12,72,54
0.172994,12,72,60
0.169874,12,72,66
0.173398,12,72,72
0.173542,12,72,78
0.169649,12,72,84
0.156086,12,72,90
0.157883,12,72,96
0.124222,12,78,0
0.139126,12,78,6
0.141287,12,78,12
0.1554,12,78,18
0.156608,12,78,24
0.15573,12,78,30
0.156695,12,78,36
0.170359,12,78,42
0.171871,12,78,48
0.171148,12,78,54
0.172251,12,78,60
0.173129,12,78,66
0.170915,12,78,72
0.173473,12,78,78
0.171435,12,78,84
0.156653,12,78,90
0.153578,12,78,96
0.138854,12,84,0
0.142227,12,84,6
0.141965,12,84,12
0.157275,12,84,18
0.1567,12,84,24
0.157276,12,84,30
0.170236,12,84,36
0.171427,12,84,42
0.171429,12,84,48
0.172432,12,84,54
0.17096,12,84,60
0.202654,12,84,66
0.169977,12,84,72
0.172128,12,84,78
0.170864,12,84,84
0.157563,12,84,90
0.156885,12,84,96
0.134313,12,90,0
0.229007,12,90,6
0.140229,12,90,12
0.141324,12,90,18
0.156351,12,90,24
0.156864,12,90,30
0.1569,12,90,36
0.172728,12,90,42
0.171117,12,90,48
0.173573,12,90,54
0.17096,12,90,60
0.170852,12,90,66
0.171687,12,90,72
0.170324,12,90,78
0.173767,12,90,84
0.171167,12,90,90
0.153737,12,90,96
0.14157,12,96,0
0.14054,12,96,6
0.141739,12,96,12
0.14019,12,96,18
0.139466,12,96,24
0.157816,12,96,30
0.154832,12,96,36
0.15731,12,96,42
0.171288,12,96,48
0.169655,12,96,54
0.171845,12,96,60
0.172036,12,96,66
0.17012,12,96,72
0.155544,12,96,78
0.172356,12,96,84
0.172115,12,96,90
0.172019,12,96,96
0.126854,18,0,0
0.124077,18,0,6
0.125356,18,0,12
0.141865,18,0,18
0.141099,18,0,24
0.141998,18,0,30
0.141159,18,0,36
0.140757,18,0,42
0.141636,18,0,48
0.13932,18,0,54
0.140319,18,0,60
0.140052,18,0,66
0.141052,18,0,72
0.142099,18,0,78
0.13978,18,0,84
0.124669,18,0,90
0.127131,18,0,96
0.126191,18,6,0
0.140108,18,6,6
0.140965,18,6,12
0.142446,18,6,18
0.139805,18,6,24
0.143464,18,6,30
0.142204,18,6,36
0.142945,18,6,42
0.156718,18,6,48
0.157656,18,6,54
0.156491,18,6,60
0.14253,18,6,66
0.141438,18,6,72
0.142857,18,6,78
0.140541,18,6,84
0.140012,18,6,90
0.141124,18,6,96
0.125962,18,12,0
0.13826,18,12,6
0.143416,18,12,12
0.139858,18,12,18
0.141879,18,12,24
0.142887,18,12,30
0.156014,18,12,36
0.155888,18,12,42
0.156282,18,12,48
0.157458,18,12,54
0.157333,18,12,60
0.157632,18,12,66
0.139449,18,12,72
0.140738,18,12,78
0.138903,18,12,84
0.141902,18,12,90
0.141471,18,12,96
0.12653,18,18,0
0.139337,18,18,6
0.141158,18,18,12
0.153888,18,18,18
0.156453,18,18,24
0.141827,18,18,30
0.156369,18,18,36
0.158288,18,18,42
0.156264,18,18,48
0.157755,18,18,54
0.155761,18,18,60
0.156741,18,18,66
0.154232,18,18,72
0.156074,18,18,78
0.140317,18,18,84
0.141182,18,18,90
0.138774,18,18,96
0.127332,18,24,0
0.141279,18,24,6
0.138523,18,24,12
0.143272,18,24,18
0.154741,18,24,24
0.158634,18,24,30
0.155289,18,24,36
0.1576,18,24,42
0.158481,18,24,48
0.157317,18,24,54
0.158003,18,24,60
0.157478,18,24,66
0.157167,18,24,72
0.157799,18,24,78
0.139933,18,24,84
0.14063,18,24,90
0.140314,18,24,96
0.126036,18,30,0
0.141303,18,30,6
0.1413,18,30,12
0.142107,18,30,18
0.156384,18,30,24
0.156632,18,30,30
0.155047,18,30,36
0.155816,18,30,42
0.154957,18,30,48
0.173124,18,30,54
0.155324,18,30,60
0.155918,18,30,66
0.156375,18,30,72
0.156609,18,30,78
0.157014,18,30,84
0.156031,18,30,90
0.139704,18,30,96
0.140753,18,36,0
0.140428,18,36,6
0.142383,18,36,12
0.140771,18,36,18
0.157942,18,36,24
0.173144,18,36,30
0.171307,18,36,36
0.157646,18,36,42
0.157365,18,36,48
0.171049,18,36,54
0.171171,18,36,60
0.156371,18,36,66
0.156319,18,36,72
0.155562,18,36,78
0.157389,18,36,84
0.154279,18,36,90
0.157713,18,36,96
0.141147,18,42,0
0.140415,18,42,6
0.142796,18,42,12
0.156398,18,42,18
0.157568,18,42,24
0.156531,18,42,30
0.172314,18,42,36
0.17189,18,42,42
0.173786,18,42,48
0.172002,18,42,54
0.172111,18,42,60
0.172545,18,42,66
0.173116,18,42,72
0.171173,18,42,78
0.17297,18,42,84
0.156016,18,42,90
0.1728,18,42,96
0.14028,18,48,0
0.140579,18,48,6
0.140963,18,48,12
0.155179,18,48,18
0.156615,18,48,24
0.157263,18,48,30
0.18803,18,48,36
0.171684,18,48,42
0.171237,18,48,48
0.174463,18,48,54
0.186424,18,48,60
0.171563,18,48,66
0.172101,18,48,72
0.171262,18,48,78
0.172025,18,48,84
0.155793,18,48,90
0.155555,18,48,96
0.141883,18,54,0
0.170772,18,54,6
0.15579,18,54,12
0.155993,18,54,18
0.156963,18,54,24
0.157554,18,54,30
0.17106,18,54,36
0.17174,18,54,42
0.172559,18,54,48
0.171807,18,54,54
0.172008,18,54,60
0.170221,18,54,66
0.170696,18,54,72
0.17228,18,54,78
0.171868,18,54,84
0.156264,18,54,90
0.155456,18,54,96
0.168405,18,60,0
0.14739,18,60,6
0.155221,18,60,12
0.155324,18,60,18
0.154797,18,60,24
0.170831,18,60,30
0.170039,18,60,36
0.17139,18,60,42
0.172748,18,60,48
0.171695,18,60,54
0.173551,18,60,60
0.185694,18,60,66
0.17159,18,60,72
0.171301,18,60,78
0.171159,18,60,84
0.171296,18,60,90
0.15812,18,60,96
0.138176,18,66,0
0.141027,18,66,6
0.157373,18,66,12
0.157262,18,66,18
0.15479,18,66,24
0.170102,18,66,30
0.171889,18,66,36
0.170913,18,66,42
0.173099,18,66,48
0.17074,18,66,54
0.172466,18,66,60
0.170777,18,66,66
0.187788,18,66,72
0.17109,18,66,78
0.174419,18,66,84
0.170836,18,66,90
0.157921,18,66,96
0.140207,18,72,0
0.139657,18,72,6
0.154425,18,72,12
0.156952,18,72,18
0.158229,18,72,24
0.172478,18,72,30
0.172793,18,72,36
0.171019,18,72,42
0.170681,18,72,48
0.173471,18,72,54
0.173186,18,72,60
0.189415,18,72,66
0.173885,18,72,72
0.17262,18,72,78
0.172411,18,72,84
0.170521,18,72,90
0.155632,18,72,96
0.141456,18,78,0
0.140031,18,78,6
0.142285,18,78,12
0.157488,18,78,18
0.156748,18,78,24
0.171067,18,78,30
0.171724,18,78,36
0.173703,18,78,42
0.17177,18,78,48
0.172385,18,78,54
0.171738,18,78,60
0.172014,18,78,66
0.169434,18,78,72
0.173428,18,78,78
0.17468,18,78,84
0.17123,18,78,90
0.15645,18,78,96
0.12471,18,84,0
0.142613,18,84,6
0.141063,18,84,12
0.158114,18,84,18
0.154496,18,84,24
0.17219,18,84,30
0.172113,18,84,36
0.171039,18,84,42
0.170952,18,84,48
0.18619,18,84,54
0.188294,18,84,60
0.169629,18,84,66
0.171411,18,84,72
0.171028,18,84,78
0.172024,18,84,84
0.173859,18,84,90
0.156706,18,84,96
0.141919,18,90,0
0.140214,18,90,6
0.140637,18,90,12
0.141732,18,90,18
0.156674,18,90,24
0.156609,18,90,30
0.170794,18,90,36
0.170265,18,90,42
0.171711,18,90,48
0.17121,18,90,54
0.172825,18,90,60
0.171874,18,90,66
0.172561,18,90,72
0.17285,18,90,78
0.174047,18,90,84
0.156921,18,90,90
0.156479,18,90,96
0.127016,18,96,0
0.141782,18,96,6
0.140887,18,96,12
0.140846,18,96,18
0.15648,18,96,24
0.158942,18,96,30
0.156855,18,96,36
0.170157,18,96,42
0.1724,18,96,48
0.170145,18,96,54
0.174006,18,96,60
0.17443,18,96,66
0.172504,18,96,72
0.1714,18,96,78
0.171335,18,96,84
0.157378,18,96,90
0.156257,18,96,96
0.127084,24,0,0
0.126964,24,0,6
0.142083,24,0,12
0.155705,24,0,18
0.140746,24,0,24
0.140262,24,0,30
0.139898,24,0,36
0.155662,24,0,42
0.140805,24,0,48
0.141989,24,0,54
0.142978,24,0,60
0.140994,24,0,66
0.141095,24,0,72
0.125969,24,0,78
0.127014,24,0,84
0.124144,24,0,90
0.123871,24,0,96
0.124751,24,6,0
0.12412,24,6,6
0.125622,24,6,12
0.138591,24,6,18
0.141471,24,6,24
0.154508,24,6,30
0.154847,24,6,36
0.157373,24,6,42
0.157315,24,6,48
0.156219,24,6,54
0.156198,24,6,60
0.155338,24,6,66
0.139852,24,6,72
0.142143,24,6,78
0.140847,24,6,84
0.1404,24,6,90
0.124488,24,6,96
0.124432,24,12,0
0.140182,24,12,6
0.139635,24,12,12
0.140941,24,12,18
0.141328,24,12,24
0.156716,24,12,30
0.155995,24,12,36
0.157996,24,12,42
0.155612,24,12,48
0.156511,24,12,54
0.157162,24,12,60
0.155055,24,12,66
0.140659,24,12,72
0.139918,24,12,78
0.140414,24,12,84
0.141219,24,12,90
0.141734,24,12,96
0.123529,24,18,0
0.14055,24,18,6
0.140124,24,18,12
0.141248,24,18,18
0.155311,24,18,24
0.155391,24,18,30
0.157829,24,18,36
0.156487,24,18,42
0.155417,24,18,48
0.153976,24,18,54
0.158219,24,18,60
0.156404,24,18,66
0.154832,24,18,72
0.158131,24,18,78
0.153564,24,18,84
0.140457,24,18,90
0.139581,24,18,96
0.127818,24,24,0
0.142818,24,24,6
0.141351,24,24,12
0.172835,24,24,18
0.156377,24,24,24
0.157449,24,24,30
0.156585,24,24,36
0.171813,24,24,42
0.156049,24,24,48
0.173004,24,24,54
0.1732,24,24,60
0.174501,24,24,66
0.157007,24,24,72
0.156168,24,24,78
0.156986,24,24,84
0.1393,24,24,90
0.15645,24,24,96
0.141576,24,30,0
0.140384,24,30,6
0.141037,24,30,12
0.139977,24,30,18
0.154707,24,30,24
0.155506,24,30,30
0.172019,24,30,36
0.173293,24,30,42
0.170868,24,30,48
0.172211,24,30,54
0.173928,24,30,60
0.171515,24,30,66
0.157003,24,30,72
0.186358,24,30,78
0.154164,24,30,84
0.156178,24,30,90
0.140686,24,30,96
0.140049,24,36,0
0.141802,24,36,6
0.141111,24,36,12
0.156661,24,36,18
0.156286,24,36,24
0.157998,24,36,30
0.17227,24,36,36
0.174183,24,36,42
0.172475,24,36,48
0.173303,24,36,54
0.172345,24,36,60
0.172277,24,36,66
0.171003,24,36,72
0.156049,24,36,78
0.157336,24,36,84
0.153495,24,36,90
0.156308,24,36,96
0.138803,24,42,0
0.141298,24,42,6
0.157272,24,42,12
0.156031,24,42,18
0.155933,24,42,24
0.17102,24,42,30
0.157945,24,42,36
0.157527,24,42,42
0.173018,24,42,48
0.172782,24,42,54
0.172936,24,42,60
0.171303,24,42,66
0.172514,24,42,72
0.172798,24,42,78
0.173655,24,42,84
0.157536,24,42,90
0.154913,24,42,96
0.139241,24,48,0
0.141105,24,48,6
0.155917,24,48,12
0.156205,24,48,18
0.15722,24,48,24
0.172034,24,48,30
0.170345,24,48,36
0.171696,24,48,42
0.171961,24,48,48
0.186096,24,48,54
0.177351,24,48,60
0.18692,24,48,66
0.181804,24,48,72
0.171198,24,48,78
0.173753,24,48,84
0.171013,24,48,90
0.15745,24,48,96
0.140978,24,54,0
0.156965,24,54,6
0.141708,24,54,12
0.154844,24,54,18
0.157206,24,54,24
0.173218,24,54,30
0.170907,24,54,36
0.173808,24,54,42
0.203646,24,54,48
0.17206,24,54,54
0.173688,24,54,60
0.172404,24,54,66
0.170937,24,54,72
0.170879,24,54,78
0.173592,24,54,84
0.172786,24,54,90
0.171779,24,54,96
0.142757,24,60,0
0.141226,24,60,6
0.155997,24,60,12
0.156036,24,60,18
0.156007,24,60,24
0.171704,24,60,30
0.172748,24,60,36
0.174875,24,60,42
0.187812,24,60,48
0.191593,24,60,54
0.18293,24,60,60
0.184686,24,60,66
0.186058,24,60,72
0.188136,24,60,78
0.188454,24,60,84
0.170245,24,60,90
0.171148,24,60,96
0.140871,24,66,0
0.15722,24,66,6
0.15412,24,66,12
0.157283,24,66,18
0.171759,24,66,24
0.171556,24,66,30
0.173509,24,66,36
0.185893,24,66,42
0.185561,24,66,48
0.188754,24,66,54
0.172788,24,66,60
0.187061,24,66,66
0.18933,24,66,72
0.187576,24,66,78
0.18621,24,66,84
0.171011,24,66,90
0.171629,24,66,96
0.14016,24,72,0
0.142329,24,72,6
0.157411,24,72,12
0.155477,24,72,18
0.173879,24,72,24
0.182875,24,72,30
0.173816,24,72,36
0.189195,24,72,42
0.175342,24,72,48
0.187141,24,72,54
0.189223,24,72,60
0.186236,24,72,66
0.189206,24,72,72
0.187559,24,72,78
0.17217,24,72,84
0.170684,24,72,90
0.171693,24,72,96
0.139737,24,78,0
0.154075,24,78,6
0.154425,24,78,12
0.154258,24,78,18
0.157766,24,78,24
0.171654,24,78,30
0.172487,24,78,36
0.173368,24,78,42
0.188192,24,78,48
0.186698,24,78,54
0.187397,24,78,60
0.185626,24,78,66
0.18488,24,78,72
0.187525,24,78,78
0.169226,24,78,84
0.171657,24,78,90
0.1718,24,78,96
0.13924,24,84,0
0.139983,24,84,6
0.141685,24,84,12
0.156531,24,84,18
0.156275,24,84,24
0.173663,24,84,30
0.171703,24,84,36
0.173073,24,84,42
0.17216,24,84,48
0.191243,24,84,54
0.187752,24,84,60
0.185832,24,84,66
0.172917,24,84,72
0.187071,24,84,78
0.169502,24,84,84
0.17288,24,84,90
0.157663,24,84,96
0.124569,24,90,0
0.141675,24,90,6
0.139358,24,90,12
0.153705,24,90,18
0.155213,24,90,24
0.17099,24,90,30
0.172152,24,90,36
0.171141,24,90,42
0.170812,24,90,48
0.173006,24,90,54
0.18685,24,90,60
0.173795,24,90,66
0.174054,24,90,72
0.172979,24,90,78
0.192039,24,90,84
0.185038,24,90,90
0.155433,24,90,96
0.149684,24,96,0
0.133355,24,96,6
0.139153,24,96,12
0.157781,24,96,18
0.156265,24,96,24
0.15574,24,96,30
0.171108,24,96,36
0.173182,24,96,42
0.171385,24,96,48
0.171458,24,96,54
0.172053,24,96,60
0.172044,24,96,66
0.172599,24,96,72
0.169829,24,96,78
0.172295,24,96,84
0.155104,24,96,90
0.156196,24,96,96
0.124361,30,0,0
0.125097,30,0,6
0.140363,30,0,12
0.139736,30,0,18
0.140743,30,0,24
0.139957,30,0,30
0.140612,30,0,36
0.142299,30,0,42
0.156377,30,0,48
0.155806,30,0,54
0.138738,30,0,60
0.140986,30,0,66
0.139929,30,0,72
0.142946,30,0,78
0.140887,30,0,84
0.124654,30,0,90
0.123635,30,0,96
0.124901,30,6,0
0.12718,30,6,6
0.139673,30,6,12
0.139965,30,6,18
0.141604,30,6,24
0.140636,30,6,30
0.140506,30,6,36
0.15619,30,6,42
0.154171,30,6,48
0.156444,30,6,54
0.154036,30,6,60
0.154906,30,6,66
0.157332,30,6,72
0.143184,30,6,78
0.139956,30,6,84
0.140425,30,6,90
0.141218,30,6,96
0.123593,30,12,0
0.142595,30,12,6
0.13976,30,12,12
0.142697,30,12,18
0.141832,30,12,24
0.155143,30,12,30
0.155984,30,12,36
0.154198,30,12,42
0.155053,30,12,48
0.155799,30,12,54
0.158167,30,12,60
0.157598,30,12,66
0.141883,30,12,72
0.14117,30,12,78
0.1403,30,12,84
0.139694,30,12,90
0.155836,30,12,96
0.128685,30,18,0
0.153762,30,18,6
0.15704,30,18,12
0.140225,30,18,18
0.154624,30,18,24
0.156107,30,18,30
0.155102,30,18,36
0.15723,30,18,42
0.15599,30,18,48
0.155905,30,18,54
0.156248,30,18,60
0.157104,30,18,66
0.156707,30,18,72
0.143074,30,18,78
0.156033,30,18,84
0.140641,30,18,90
0.141125,30,18,96
0.140141,30,24,0
0.155575,30,24,6
0.156035,30,24,12
0.156887,30,24,18
0.158891,30,24,24
0.153702,30,24,30
0.154596,30,24,36
0.169676,30,24,42
0.169963,30,24,48
0.18728,30,24,54
0.15737,30,24,60
0.156769,30,24,66
0.157153,30,24,72
0.156933,30,24,78
0.156532,30,24,84
0.156219,30,24,90
0.140181,30,24,96
0.1394,30,30,0
0.143016,30,30,6
0.140398,30,30,12
0.156526,30,30,18
0.157053,30,30,24
0.158173,30,30,30
0.170571,30,30,36
0.178532,30,30,42
0.182284,30,30,48
0.172176,30,30,54
0.173194,30,30,60
0.172244,30,30,66
0.159389,30,30,72
0.170651,30,30,78
0.17126,30,30,84
0.157044,30,30,90
0.156036,30,30,96
0.140996,30,36,0
0.139634,30,36,6
0.15663,30,36,12
0.156841,30,36,18
0.157759,30,36,24
0.171547,30,36,30
0.172827,30,36,36
0.174586,30,36,42
0.190776,30,36,48
0.171814,30,36,54
0.173934,30,36,60
0.171138,30,36,66
0.173138,30,36,72
0.171986,30,36,78
0.17215,30,36,84
0.155889,30,36,90
0.155515,30,36,96
0.141667,30,42,0
0.139736,30,42,6
0.155124,30,42,12
0.156527,30,42,18
0.155062,30,42,24
0.170255,30,42,30
0.171639,30,42,36
0.173035,30,42,42
0.170996,30,42,48
0.17088,30,42,54
0.171409,30,42,60
0.186467,30,42,66
0.187737,30,42,72
0.191088,30,42,78
0.171317,30,42,84
0.172428,30,42,90
0.155643,30,42,96
0.142237,30,48,0
0.140176,30,48,6
0.158374,30,48,12
0.156985,30,48,18
0.155904,30,48,24
0.172036,30,48,30
0.174139,30,48,36
0.173305,30,48,42
0.172114,30,48,48
0.18522,30,48,54
0.173325,30,48,60
0.171709,30,48,66
0.172122,30,48,72
0.173079,30,48,78
0.173978,30,48,84
0.172103,30,48,90
0.158384,30,48,96
0.142725,30,54,0
0.13995,30,54,6
0.15697,30,54,12
0.157461,30,54,18
0.171911,30,54,24
0.173492,30,54,30
0.187866,30,54,36
0.186868,30,54,42
0.189354,30,54,48
0.189933,30,54,54
0.187357,30,54,60
0.217719,30,54,66
0.187568,30,54,72
0.186435,30,54,78
0.18857,30,54,84
0.170354,30,54,90
0.172666,30,54,96
0.139562,30,60,0
0.154457,30,60,6
0.157367,30,60,12
0.153687,30,60,18
0.171908,30,60,24
0.174255,30,60,30
0.173665,30,60,36
0.186543,30,60,42
0.187743,30,60,48
0.186783,30,60,54
0.188748,30,60,60
0.18747,30,60,66
0.187587,30,60,72
0.171675,30,60,78
0.171899,30,60,84
0.17208,30,60,90
0.186609,30,60,96
0.155611,30,66,0
0.155752,30,66,6
0.159221,30,66,12
0.171598,30,66,18
0.171967,30,66,24
0.172524,30,66,30
0.173028,30,66,36
0.186628,30,66,42
0.187774,30,66,48
0.18979,30,66,54
0.187535,30,66,60
0.187792,30,66,66
0.204465,30,66,72
0.203314,30,66,78
0.187608,30,66,84
0.188229,30,66,90
0.172903,30,66,96
0.142916,30,72,0
0.156176,30,72,6
0.155504,30,72,12
0.157858,30,72,18
0.172699,30,72,24
0.17183,30,72,30
0.188694,30,72,36
0.186451,30,72,42
0.188998,30,72,48
0.187947,30,72,54
0.188583,30,72,60
0.200762,30,72,66
0.187885,30,72,72
0.185355,30,72,78
0.186067,30,72,84
0.185807,30,72,90
0.173495,30,72,96
0.143464,30,78,0
0.141811,30,78,6
0.156753,30,78,12
0.155714,30,78,18
0.156594,30,78,24
0.169893,30,78,30
0.18546,30,78,36
0.189485,30,78,42
0.188688,30,78,48
0.186712,30,78,54
0.187182,30,78,60
0.187069,30,78,66
0.20286,30,78,72
0.186148,30,78,78
0.188356,30,78,84
0.172667,30,78,90
0.17409,30,78,96
0.140325,30,84,0
0.140536,30,84,6
0.14136,30,84,12
0.155957,30,84,18
0.156167,30,84,24
0.174248,30,84,30
0.171698,30,84,36
0.169261,30,84,42
0.187322,30,84,48
0.186339,30,84,54
0.188818,30,84,60
0.188861,30,84,66
0.189788,30,84,72
0.189998,30,84,78
0.187341,30,84,84
0.170787,30,84,90
0.172642,30,84,96
0.14007,30,90,0
0.157533,30,90,6
0.15863,30,90,12
0.157769,30,90,18
0.153718,30,90,24
0.169345,30,90,30
0.169904,30,90,36
0.173324,30,90,42
0.187215,30,90,48
0.187498,30,90,54
0.171431,30,90,60
0.173163,30,90,66
0.171556,30,90,72
0.187788,30,90,78
0.172187,30,90,84
0.173326,30,90,90
0.170782,30,90,96
0.126047,30,96,0
0.139505,30,96,6
0.143378,30,96,12
0.156272,30,96,18
0.156664,30,96,24
0.171777,30,96,30
0.157177,30,96,36
0.174614,30,96,42
0.170115,30,96,48
0.170005,30,96,54
0.17291,30,96,60
0.17175,30,96,66
0.185491,30,96,72
0.173475,30,96,78
0.17129,30,96,84
0.171163,30,96,90
0.171554,30,96,96
0.125579,36,0,0
0.125539,36,0,6
0.142197,36,0,12
0.142662,36,0,18
0.139693,36,0,24
0.142047,36,0,30
0.142809,36,0,36
0.141781,36,0,42
0.141044,36,0,48
0.142716,36,0,54
0.14126,36,0,60
0.156584,36,0,66
0.140239,36,0,72
0.140644,36,0,78
0.142461,36,0,84
0.141201,36,0,90
0.124716,36,0,96
0.124834,36,6,0
0.125871,36,6,6
0.139773,36,6,12
0.140964,36,6,18
0.140787,36,6,24
0.155473,36,6,30
0.138711,36,6,36
0.142025,36,6,42
0.156395,36,6,48
0.15604,36,6,54
0.154733,36,6,60
0.156283,36,6,66
0.139608,36,6,72
0.14089,36,6,78
0.140861,36,6,84
0.139056,36,6,90
0.140321,36,6,96
0.141504,36,12,0
0.126138,36,12,6
0.155874,36,12,12
0.142675,36,12,18
0.155705,36,12,24
0.157695,36,12,30
0.159837,36,12,36
0.155226,36,12,42
0.172039,36,12,48
0.156169,36,12,54
0.156623,36,12,60
0.15493,36,12,66
0.155133,36,12,72
0.155714,36,12,78
0.141529,36,12,84
0.139526,36,12,90
0.140252,36,12,96
0.125418,36,18,0
0.139665,36,18,6
0.140394,36,18,12
0.140239,36,18,18
0.157041,36,18,24
0.156475,36,18,30
0.154992,36,18,36
0.155442,36,18,42
0.171376,36,18,48
0.171626,36,18,54
0.170634,36,18,60
0.155938,36,18,66
0.172798,36,18,72
0.156347,36,18,78
0.154781,36,18,84
0.141152,36,18,90
0.141156,36,18,96
0.141095,36,24,0
0.140263,36,24,6
0.140152,36,24,12
0.15399,36,24,18
0.157886,36,24,24
0.157144,36,24,30
0.171058,36,24,36
0.171989,36,24,42
0.170128,36,24,48
0.170709,36,24,54
0.17193,36,24,60
0.173324,36,24,66
0.156174,36,24,72
0.157509,36,24,78
0.158241,36,24,84
0.15718,36,24,90
0.141734,36,24,96
0.141498,36,30,0
0.140755,36,30,6
0.138258,36,30,12
0.156365,36,30,18
0.17124,36,30,24
0.171604,36,30,30
0.155138,36,30,36
0.171015,36,30,42
0.170456,36,30,48
0.171473,36,30,54
0.1721,36,30,60
0.172195,36,30,66
0.17019,36,30,72
0.156797,36,30,78
0.154706,36,30,84
0.155139,36,30,90
0.156433,36,30,96
0.143153,36,36,0
0.140292,36,36,6
0.158006,36,36,12
0.156817,36,36,18
0.15816,36,36,24
0.172349,36,36,30
0.172268,36,36,36
0.170198,36,36,42
0.1752,36,36,48
0.188021,36,36,54
0.172124,36,36,60
0.171312,36,36,66
0.186552,36,36,72
0.172489,36,36,78
0.157382,36,36,84
0.158947,36,36,90
0.155664,36,36,96
0.140413,36,42,0
0.142331,36,42,6
0.155832,36,42,12
0.157605,36,42,18
0.157042,36,42,24
0.170095,36,42,30
0.172274,36,42,36
0.169254,36,42,42
0.187273,36,42,48
0.188183,36,42,54
0.186457,36,42,60
0.187724,36,42,66
0.173149,36,42,72
0.16933,36,42,78
0.171623,36,42,84
0.172512,36,42,90
0.170526,36,42,96
0.141247,36,48,0
0.156448,36,48,6
0.15573,36,48,12
0.190089,36,48,18
0.174407,36,48,24
0.173588,36,48,30
0.186035,36,48,36
0.187614,36,48,42
0.187454,36,48,48
0.19083,36,48,54
0.2039,36,48,60
0.17263,36,48,66
0.17329,36,48,72
0.189424,36,48,78
0.174173,36,48,84
0.171394,36,48,90
0.172947,36,48,96
0.142341,36,54,0
0.158606,36,54,6
0.155327,36,54,12
0.171683,36,54,18
0.172748,36,54,24
0.170005,36,54,30
0.188415,36,54,36
0.187265,36,54,42
0.186861,36,54,48
0.188867,36,54,54
0.187206,36,54,60
0.189443,36,54,66
0.187825,36,54,72
0.190593,36,54,78
0.173404,36,54,84
0.172518,36,54,90
0.171119,36,54,96
0.140145,36,60,0
0.156101,36,60,6
0.158329,36,60,12
0.172397,36,60,18
0.171438,36,60,24
0.172077,36,60,30
0.170536,36,60,36
0.187194,36,60,42
0.185162,36,60,48
0.187867,36,60,54
0.189174,36,60,60
0.186899,36,60,66
0.189647,36,60,72
0.188225,36,60,78
0.186519,36,60,84
0.188292,36,60,90
0.174321,36,60,96
0.140942,36,66,0
0.156382,36,66,6
0.156253,36,66,12
0.156545,36,66,18
0.172369,36,66,24
0.173248,36,66,30
0.174025,36,66,36
0.186903,36,66,42
0.185707,36,66,48
0.190873,36,66,54
0.18778,36,66,60
0.201238,36,66,66
0.187275,36,66,72
0.202524,36,66,78
0.184067,36,66,84
0.189052,36,66,90
0.171152,36,66,96
0.138736,36,72,0
0.158206,36,72,6
0.15431,36,72,12
0.15735,36,72,18
0.170598,36,72,24
0.173812,36,72,30
0.172142,36,72,36
0.187234,36,72,42
0.203866,36,72,48
0.187372,36,72,54
0.18871,36,72,60
0.188057,36,72,66
0.188983,36,72,72
0.187011,36,72,78
0.186821,36,72,84
0.186744,36,72,90
0.171669,36,72,96
0.140555,36,78,0
0.142273,36,78,6
0.15512,36,78,12
0.171543,36,78,18
0.157821,36,78,24
0.171078,36,78,30
0.17258,36,78,36
0.185223,36,78,42
0.187533,36,78,48
0.188086,36,78,54
0.202722,36,78,60
0.186696,36,78,66
0.186675,36,78,72
0.205803,36,78,78
0.202383,36,78,84
0.204047,36,78,90
0.189396,36,78,96
0.140086,36,84,0
0.144418,36,84,6
0.168575,36,84,12
0.157082,36,84,18
0.156336,36,84,24
0.173867,36,84,30
0.174173,36,84,36
0.174112,36,84,42
0.186884,36,84,48
0.188436,36,84,54
0.185942,36,84,60
0.189048,36,84,66
0.186103,36,84,72
0.186225,36,84,78
0.188093,36,84,84
0.186755,36,84,90
0.171709,36,84,96
0.141785,36,90,0
0.142024,36,90,6
0.140344,36,90,12
0.157053,36,90,18
0.156869,36,90,24
0.156628,36,90,30
0.174041,36,90,36
0.174796,36,90,42
0.186707,36,90,48
0.186948,36,90,54
0.187582,36,90,60
0.171605,36,90,66
0.188365,36,90,72
0.18849,36,90,78
0.18571,36,90,84
0.170857,36,90,90
0.171152,36,90,96
0.125135,36,96,0
0.139895,36,96,6
0.140301,36,96,12
0.141505,36,96,18
0.155874,36,96,24
0.155891,36,96,30
0.171256,36,96,36
0.173454,36,96,42
0.174085,36,96,48
0.187439,36,96,54
0.171556,36,96,60
0.172426,36,96,66
0.173286,36,96,72
0.172093,36,96,78
0.173128,36,96,84
0.172593,36,96,90
0.170348,36,96,96
0.123695,42,0,0
0.125294,42,0,6
0.124076,42,0,12
0.125659,42,0,18
0.140803,42,0,24
0.140375,42,0,30
0.141308,42,0,36
0.140597,42,0,42
0.140623,42,0,48
0.142614,42,0,54
0.141676,42,0,60
0.141617,42,0,66
0.139759,42,0,72
0.139332,42,0,78
0.140338,42,0,84
0.140585,42,0,90
0.125271,42,0,96
0.126957,42,6,0
0.137667,42,6,6
0.142461,42,6,12
0.139399,42,6,18
0.141687,42,6,24
0.155683,42,6,30
0.155451,42,6,36
0.155758,42,6,42
0.154998,42,6,48
0.157046,42,6,54
0.155719,42,6,60
0.156861,42,6,66
0.140087,42,6,72
0.139722,42,6,78
0.140106,42,6,84
0.142734,42,6,90
0.139609,42,6,96
0.126822,42,12,0
0.125268,42,12,6
0.14071,42,12,12
0.142427,42,12,18
0.140817,42,12,24
0.157822,42,12,30
0.156489,42,12,36
0.157036,42,12,42
0.157047,42,12,48
0.155229,42,12,54
0.172131,42,12,60
0.158288,42,12,66
0.156248,42,12,72
0.156755,42,12,78
0.141883,42,12,84
0.141468,42,12,90
0.140449,42,12,96
0.139951,42,18,0
0.141626,42,18,6
0.138459,42,18,12
0.139525,42,18,18
0.154281,42,18,24
0.155823,42,18,30
0.158666,42,18,36
0.153715,42,18,42
0.156147,42,18,48
0.156722,42,18,54
0.155531,42,18,60
0.15504,42,18,66
0.156156,42,18,72
0.158287,42,18,78
0.157506,42,18,84
0.142283,42,18,90
0.141419,42,18,96
0.125626,42,24,0
0.140891,42,24,6
0.140528,42,24,12
0.15743,42,24,18
0.157526,42,24,24
0.158212,42,24,30
0.156485,42,24,36
0.171054,42,24,42
0.170861,42,24,48
0.173183,42,24,54
0.168214,42,24,60
0.172388,42,24,66
0.156862,42,24,72
0.156394,42,24,78
0.156401,42,24,84
0.155045,42,24,90
0.140489,42,24,96
0.140152,42,30,0
0.140684,42,30,6
0.157439,42,30,12
0.155586,42,30,18
0.155827,42,30,24
0.171213,42,30,30
0.17121,42,30,36
0.172911,42,30,42
0.171513,42,30,48
0.171391,42,30,54
0.172061,42,30,60
0.172379,42,30,66
0.169918,42,30,72
0.155542,42,30,78
0.155806,42,30,84
0.155825,42,30,90
0.156289,42,30,96
0.14066,42,36,0
0.140844,42,36,6
0.153812,42,36,12
0.157727,42,36,18
0.156826,42,36,24
0.171465,42,36,30
0.170867,42,36,36
0.171968,42,36,42
0.170604,42,36,48
0.173032,42,36,54
0.186795,42,36,60
0.17155,42,36,66
0.173168,42,36,72
0.17162,42,36,78
0.154508,42,36,84
0.156025,42,36,90
0.155468,42,36,96
0.140357,42,42,0
0.141375,42,42,6
0.15578,42,42,12
0.175311,42,42,18
0.171034,42,42,24
0.172709,42,42,30
0.172513,42,42,36
0.171047,42,42,42
0.18585,42,42,48
0.171431,42,42,54
0.186199,42,42,60
0.171567,42,42,66
0.172114,42,42,72
0.171469,42,42,78
0.17206,42,42,84
0.174296,42,42,90
0.156165,42,42,96
0.140678,42,48,0
0.142338,42,48,6
0.157075,42,48,12
0.156019,42,48,18
0.172242,42,48,24
0.171553,42,48,30
0.16997,42,48,36
0.186682,42,48,42
0.186333,42,48,48
0.187316,42,48,54
0.18701,42,48,60
0.187062,42,48,66
0.187792,42,48,72
0.17272,42,48,78
0.187966,42,48,84
0.173773,42,48,90
0.170656,42,48,96
0.141335,42,54,0
0.141877,42,54,6
0.157477,42,54,12
0.1553,42,54,18
0.171115,42,54,24
0.170483,42,54,30
0.172108,42,54,36
0.18743,42,54,42
0.189652,42,54,48
0.187704,42,54,54
0.204053,42,54,60
0.189291,42,54,66
0.187454,42,54,72
0.187073,42,54,78
0.186203,42,54,84
0.172416,42,54,90
0.170793,42,54,96
0.140204,42,60,0
0.141609,42,60,6
0.17535,42,60,12
0.155815,42,60,18
0.174195,42,60,24
0.17288,42,60,30
0.186805,42,60,36
0.188525,42,60,42
0.188434,42,60,48
0.188212,42,60,54
0.188849,42,60,60
0.189844,42,60,66
0.188434,42,60,72
0.187403,42,60,78
0.18572,42,60,84
0.186011,42,60,90
0.170816,42,60,96
0.141054,42,66,0
0.155218,42,66,6
0.156702,42,66,12
0.156709,42,66,18
0.17131,42,66,24
0.172402,42,66,30
0.187232,42,66,36
0.188079,42,66,42
0.188123,42,66,48
0.187986,42,66,54
0.187867,42,66,60
0.188451,42,66,66
0.205275,42,66,72
0.202903,42,66,78
0.186554,42,66,84
0.188137,42,66,90
0.173676,42,66,96
0.141103,42,72,0
0.13997,42,72,6
0.15631,42,72,12
0.156335,42,72,18
0.172138,42,72,24
0.172641,42,72,30
0.189478,42,72,36
0.188587,42,72,42
0.185485,42,72,48
0.185479,42,72,54
0.203944,42,72,60
0.202756,42,72,66
0.186158,42,72,72
0.204152,42,72,78
0.188168,42,72,84
0.201312,42,72,90
0.187886,42,72,96
0.140531,42,78,0
0.138752,42,78,6
0.15747,42,78,12
0.155867,42,78,18
0.157694,42,78,24
0.171383,42,78,30
0.172566,42,78,36
0.187408,42,78,42
0.187465,42,78,48
0.187265,42,78,54
0.208349,42,78,60
0.195021,42,78,66
0.185864,42,78,72
0.187115,42,78,78
0.189256,42,78,84
0.187167,42,78,90
0.174125,42,78,96
0.140302,42,84,0
0.140448,42,84,6
0.155085,42,84,12
0.156691,42,84,18
0.171291,42,84,24
0.171719,42,84,30
0.173225,42,84,36
0.172075,42,84,42
0.18669,42,84,48
0.185095,42,84,54
0.188049,42,84,60
0.187754,42,84,66
0.188676,42,84,72
0.187354,42,84,78
0.18814,42,84,84
0.188616,42,84,90
0.188047,42,84,96
0.141027,42,90,0
0.141104,42,90,6
0.141751,42,90,12
0.156524,42,90,18
0.158561,42,90,24
0.15579,42,90,30
0.171359,42,90,36
0.184365,42,90,42
0.172019,42,90,48
0.189745,42,90,54
0.187436,42,90,60
0.18874,42,90,66
0.187092,42,90,72
0.188548,42,90,78
0.188972,42,90,84
0.18707,42,90,90
0.172491,42,90,96
0.127004,42,96,0
0.139718,42,96,6
0.140109,42,96,12
0.141857,42,96,18
0.157301,42,96,24
0.154984,42,96,30
0.156295,42,96,36
0.171669,42,96,42
0.173274,42,96,48
0.173417,42,96,54
0.187166,42,96,60
0.187301,42,96,66
0.187836,42,96,72
0.186691,42,96,78
0.186386,42,96,84
0.173052,42,96,90
0.186845,42,96,96
0.125082,48,0,0
0.125076,48,0,6
0.125161,48,0,12
0.125172,48,0,18
0.157546,48,0,24
0.141811,48,0,30
0.142181,48,0,36
0.140438,48,0,42
0.140867,48,0,48
0.139587,48,0,54
0.140396,48,0,60
0.142484,48,0,66
0.139005,48,0,72
0.140686,48,0,78
0.138333,48,0,84
0.140661,48,0,90
0.125533,48,0,96
0.126212,48,6,0
0.124231,48,6,6
0.140451,48,6,12
0.138762,48,6,18
0.155684,48,6,24
0.138626,48,6,30
0.142063,48,6,36
0.158768,48,6,42
0.156046,48,6,48
0.156948,48,6,54
0.14043,48,6,60
0.139938,48,6,66
0.140645,48,6,72
0.141883,48,6,78
0.140174,48,6,84
0.138558,48,6,90
0.140546,48,6,96
0.125164,48,12,0
0.125389,48,12,6
0.139777,48,12,12
0.140151,48,12,18
0.143014,48,12,24
0.156152,48,12,30
0.158176,48,12,36
0.158611,48,12,42
0.15646,48,12,48
0.155675,48,12,54
0.155748,48,12,60
0.155733,48,12,66
0.156517,48,12,72
0.156397,48,12,78
0.140973,48,12,84
0.141827,48,12,90
0.141104,48,12,96
0.125411,48,18,0
0.139023,48,18,6
0.139182,48,18,12
0.141243,48,18,18
0.139695,48,18,24
0.156265,48,18,30
0.158119,48,18,36
0.156486,48,18,42
0.158413,48,18,48
0.155694,48,18,54
0.155375,48,18,60
0.155637,48,18,66
0.156144,48,18,72
0.157415,48,18,78
0.138844,48,18,84
0.139802,48,18,90
0.1412,48,18,96
0.123875,48,24,0
0.140632,48,24,6
0.139234,48,24,12
0.139165,48,24,18
0.159104,48,24,24
0.156071,48,24,30
0.157517,48,24,36
0.15733,48,24,42
0.162003,48,24,48
0.167761,48,24,54
0.172526,48,24,60
0.157436,48,24,66
0.177061,48,24,72
0.1668,48,24,78
0.156923,48,24,84
0.155045,48,24,90
0.154432,48,24,96
0.13869,48,30,0
0.140154,48,30,6
0.141474,48,30,12
0.140783,48,30,18
0.156055,48,30,24
0.156671,48,30,30
0.156766,48,30,36
0.172874,48,30,42
0.171745,48,30,48
0.171369,48,30,54
0.174106,48,30,60
0.171458,48,30,66
0.171404,48,30,72
0.171483,48,30,78
0.156266,48,30,84
0.155009,48,30,90
0.155108,48,30,96
0.139575,48,36,0
0.139872,48,36,6
0.156849,48,36,12
0.156621,48,36,18
0.156253,48,36,24
0.170878,48,36,30
0.172884,48,36,36
0.188009,48,36,42
0.191522,48,36,48
0.202517,48,36,54
0.174479,48,36,60
0.171315,48,36,66
0.171378,48,36,72
0.173196,48,36,78
0.169163,48,36,84
0.155269,48,36,90
0.15894,48,36,96
0.141347,48,42,0
0.141507,48,42,6
0.157512,48,42,12
0.157022,48,42,18
0.158903,48,42,24
0.171135,48,42,30
0.171686,48,42,36
0.170542,48,42,42
0.171403,48,42,48
0.171799,48,42,54
0.171819,48,42,60
0.185891,48,42,66
0.171907,48,42,72
0.174342,48,42,78
0.17293,48,42,84
0.172667,48,42,90
0.157276,48,42,96
0.140497,48,48,0
0.141832,48,48,6
0.156042,48,48,12
0.157075,48,48,18
0.189933,48,48,24
0.18743,48,48,30
0.186082,48,48,36
0.188146,48,48,42
0.187764,48,48,48
0.18457,48,48,54
0.188326,48,48,60
0.189469,48,48,66
0.173074,48,48,72
0.185784,48,48,78
0.171821,48,48,84
0.185919,48,48,90
0.171159,48,48,96
0.140973,48,54,0
0.14106,48,54,6
0.155936,48,54,12
0.171466,48,54,18
0.172819,48,54,24
0.17268,48,54,30
0.17165,48,54,36
0.174682,48,54,42
0.188408,48,54,48
0.189219,48,54,54
0.202628,48,54,60
0.187592,48,54,66
0.187224,48,54,72
0.18686,48,54,78
0.187331,48,54,84
0.171882,48,54,90
0.170261,48,54,96
0.141867,48,60,0
0.139677,48,60,6
0.170483,48,60,12
0.171655,48,60,18
0.171289,48,60,24
0.171189,48,60,30
0.172845,48,60,36
0.171599,48,60,42
0.187008,48,60,48
0.187616,48,60,54
0.189818,48,60,60
0.186109,48,60,66
0.186609,48,60,72
0.186125,48,60,78
0.18847,48,60,84
0.18785,48,60,90
0.173351,48,60,96
0.141376,48,66,0
0.156371,48,66,6
0.157672,48,66,12
0.157678,48,66,18
0.158646,48,66,24
0.17103,48,66,30
0.170902,48,66,36
0.18943,48,66,42
0.186994,48,66,48
0.186758,48,66,54
0.189145,48,66,60
0.204152,48,66,66
0.187243,48,66,72
0.187116,48,66,78
0.206017,48,66,84
0.187455,48,66,90
0.173226,48,66,96
0.140641,48,72,0
0.154847,48,72,6
0.157165,48,72,12
0.157487,48,72,18
0.173204,48,72,24
0.172655,48,72,30
0.188062,48,72,36
0.18819,48,72,42
0.188792,48,72,48
0.188938,48,72,54
0.20258,48,72,60
0.202668,48,72,66
0.201283,48,72,72
0.18712,48,72,78
0.189409,48,72,84
0.18715,48,72,90
0.187348,48,72,96
0.140874,48,78,0
0.139517,48,78,6
0.156295,48,78,12
0.155839,48,78,18
0.17185,48,78,24
0.172395,48,78,30
0.171176,48,78,36
0.186525,48,78,42
0.186587,48,78,48
0.188534,48,78,54
0.190125,48,78,60
0.189253,48,78,66
0.202043,48,78,72
0.189377,48,78,78
0.186611,48,78,84
0.185598,48,78,90
0.185605,48,78,96
0.141133,48,84,0
0.141247,48,84,6
0.141306,48,84,12
0.15714,48,84,18
0.171257,48,84,24
0.172759,48,84,30
0.171108,48,84,36
0.1721,48,84,42
0.188528,48,84,48
0.186784,48,84,54
0.189573,48,84,60
0.200665,48,84,66
0.186059,48,84,72
0.187577,48,84,78
0.186869,48,84,84
0.186504,48,84,90
0.172354,48,84,96
0.139846,48,90,0
0.140219,48,90,6
0.156146,48,90,12
0.159483,48,90,18
0.156248,48,90,24
0.172596,48,90,30
0.172507,48,90,36
0.17177,48,90,42
0.169817,48,90,48
0.186685,48,90,54
0.187679,48,90,60
0.20244,48,90,66
0.187061,48,90,72
0.185953,48,90,78
0.187457,48,90,84
0.188005,48,90,90
0.172234,48,90,96
0.124449,48,96,0
0.141501,48,96,6
0.139327,48,96,12
0.155223,48,96,18
0.156003,48,96,24
0.17365,48,96,30
0.172207,48,96,36
0.171418,48,96,42
0.171263,48,96,48
0.186169,48,96,54
0.186183,48,96,60
0.18881,48,96,66
0.189929,48,96,72
0.187311,48,96,78
0.1724,48,96,84
0.173627,48,96,90
0.171985,48,96,96
0.123954,54,0,0
0.124477,54,0,6
0.124696,54,0,12
0.141244,54,0,18
0.142321,54,0,24
0.139748,54,0,30
0.13912,54,0,36
0.141354,54,0,42
0.140037,54,0,48
0.140051,54,0,54
0.141243,54,0,60
0.140875,54,0,66
0.14187,54,0,72
0.140254,54,0,78
0.12631,54,0,84
0.125767,54,0,90
0.124472,54,0,96
0.124358,54,6,0
0.126995,54,6,6
0.139874,54,6,12
0.140785,54,6,18
0.1418,54,6,24
0.155901,54,6,30
0.159765,54,6,36
0.170109,54,6,42
0.142874,54,6,48
0.170346,54,6,54
0.14148,54,6,60
0.15704,54,6,66
0.14133,54,6,72
0.138248,54,6,78
0.140964,54,6,84
0.125904,54,6,90
0.127073,54,6,96
0.123827,54,12,0
0.126066,54,12,6
0.140547,54,12,12
0.141919,54,12,18
0.139903,54,12,24
0.155152,54,12,30
0.156871,54,12,36
0.15506,54,12,42
0.14014,54,12,48
0.155171,54,12,54
0.155161,54,12,60
0.141131,54,12,66
0.140096,54,12,72
0.139588,54,12,78
0.142176,54,12,84
0.140627,54,12,90
0.141949,54,12,96
0.126259,54,18,0
0.12618,54,18,6
0.139187,54,18,12
0.141431,54,18,18
0.140618,54,18,24
0.157253,54,18,30
0.155452,54,18,36
0.154453,54,18,42
0.155762,54,18,48
0.153498,54,18,54
0.156385,54,18,60
0.156261,54,18,66
0.156904,54,18,72
0.156436,54,18,78
0.157408,54,18,84
0.140068,54,18,90
0.142171,54,18,96
0.12653,54,24,0
0.14118,54,24,6
0.141918,54,24,12
0.141511,54,24,18
0.154439,54,24,24
0.156904,54,24,30
0.157562,54,24,36
0.17109,54,24,42
0.171071,54,24,48
0.173861,54,24,54
0.174607,54,24,60
0.156891,54,24,66
0.158311,54,24,72
0.156042,54,24,78
0.157948,54,24,84
0.155274,54,24,90
0.141643,54,24,96
0.126253,54,30,0
0.141998,54,30,6
0.156733,54,30,12
0.156373,54,30,18
0.154747,54,30,24
0.171633,54,30,30
0.170074,54,30,36
0.173046,54,30,42
0.172471,54,30,48
0.172535,54,30,54
0.188028,54,30,60
0.171277,54,30,66
0.156654,54,30,72
0.15481,54,30,78
0.156073,54,30,84
0.15657,54,30,90
0.153667,54,30,96
0.139709,54,36,0
0.141435,54,36,6
0.139194,54,36,12
0.156968,54,36,18
0.156287,54,36,24
0.15977,54,36,30
0.17112,54,36,36
0.17268,54,36,42
0.17112,54,36,48
0.172949,54,36,54
0.172663,54,36,60
0.171753,54,36,66
0.17188,54,36,72
0.170544,54,36,78
0.157547,54,36,84
0.157093,54,36,90
0.157113,54,36,96
0.141057,54,42,0
0.141291,54,42,6
0.156482,54,42,12
0.157898,54,42,18
0.157378,54,42,24
0.170312,54,42,30
0.171099,54,42,36
0.189668,54,42,42
0.156932,54,42,48
0.172316,54,42,54
0.186468,54,42,60
0.1726,54,42,66
0.173354,54,42,72
0.170877,54,42,78
0.171003,54,42,84
0.171567,54,42,90
0.174402,54,42,96
0.155231,54,48,0
0.156335,54,48,6
0.172178,54,48,12
0.155109,54,48,18
0.157655,54,48,24
0.173063,54,48,30
0.173717,54,48,36
0.17184,54,48,42
0.172133,54,48,48
0.172516,54,48,54
0.187407,54,48,60
0.186509,54,48,66
0.186763,54,48,72
0.187876,54,48,78
0.172869,54,48,84
0.172073,54,48,90
0.17069,54,48,96
0.140358,54,54,0
0.158326,54,54,6
0.154316,54,54,12
0.172214,54,54,18
0.170211,54,54,24
0.171182,54,54,30
0.169653,54,54,36
0.17397,54,54,42
0.186749,54,54,48
0.189462,54,54,54
0.187557,54,54,60
0.189248,54,54,66
0.187269,54,54,72
0.186259,54,54,78
0.187806,54,54,84
0.188576,54,54,90
0.17183,54,54,96
0.141398,54,60,0
0.155929,54,60,6
0.156996,54,60,12
0.157594,54,60,18
0.170943,54,60,24
0.171257,54,60,30
0.171614,54,60,36
0.188139,54,60,42
0.204449,54,60,48
0.185393,54,60,54
0.202185,54,60,60
0.186932,54,60,66
0.202067,54,60,72
0.187701,54,60,78
0.186838,54,60,84
0.187876,54,60,90
0.1725,54,60,96
0.141193,54,66,0
0.140676,54,66,6
0.15732,54,66,12
0.156652,54,66,18
0.171348,54,66,24
0.171769,54,66,30
0.172206,54,66,36
0.170341,54,66,42
0.185484,54,66,48
0.188445,54,66,54
0.187075,54,66,60
0.189381,54,66,66
0.185717,54,66,72
0.185849,54,66,78
0.18674,54,66,84
0.187515,54,66,90
0.1722,54,66,96
0.142083,54,72,0
0.141527,54,72,6
0.154214,54,72,12
0.154742,54,72,18
0.158619,54,72,24
0.170717,54,72,30
0.174772,54,72,36
0.187614,54,72,42
0.187652,54,72,48
0.18786,54,72,54
0.18828,54,72,60
0.187057,54,72,66
0.202726,54,72,72
0.201955,54,72,78
0.203778,54,72,84
0.186881,54,72,90
0.186028,54,72,96
0.139238,54,78,0
0.140815,54,78,6
0.154958,54,78,12
0.155682,54,78,18
0.156311,54,78,24
0.172997,54,78,30
0.173744,54,78,36
0.18775,54,78,42
0.204138,54,78,48
0.188961,54,78,54
0.187476,54,78,60
0.188459,54,78,66
0.188145,54,78,72
0.20555,54,78,78
0.214922,54,78,84
0.187418,54,78,90
0.204645,54,78,96
0.124612,54,84,0
0.141224,54,84,6
0.140931,54,84,12
0.155541,54,84,18
0.157161,54,84,24
0.171769,54,84,30
0.171464,54,84,36
0.186282,54,84,42
0.187799,54,84,48
0.187756,54,84,54
0.185748,54,84,60
0.188514,54,84,66
0.18773,54,84,72
0.189398,54,84,78
0.187314,54,84,84
0.186737,54,84,90
0.172388,54,84,96
0.125411,54,90,0
0.140483,54,90,6
0.155497,54,90,12
0.15621,54,90,18
0.17051,54,90,24
0.156492,54,90,30
0.170903,54,90,36
0.171616,54,90,42
0.173861,54,90,48
0.189055,54,90,54
0.189632,54,90,60
0.174166,54,90,66
0.188088,54,90,72
0.187592,54,90,78
0.186991,54,90,84
0.172979,54,90,90
0.172307,54,90,96
0.125184,54,96,0
0.140915,54,96,6
0.140225,54,96,12
0.140573,54,96,18
0.154055,54,96,24
0.155262,54,96,30
0.157391,54,96,36
0.170171,54,96,42
0.173486,54,96,48
0.171852,54,96,54
0.186646,54,96,60
0.187306,54,96,66
0.187733,54,96,72
0.184965,54,96,78
0.172382,54,96,84
0.175007,54,96,90
0.169757,54,96,96
0.126523,60,0,0
0.14121,60,0,6
0.124629,60,0,12
0.12567,60,0,18
0.140384,60,0,24
0.140927,60,0,30
0.14152,60,0,36
0.140234,60,0,42
0.140891,60,0,48
0.141269,60,0,54
0.124073,60,0,60
0.140357,60,0,66
0.139484,60,0,72
0.140451,60,0,78
0.140889,60,0,84
0.156148,60,0,90
0.138017,60,0,96
0.125667,60,6,0
0.124309,60,6,6
0.142277,60,6,12
0.140505,60,6,18
0.141322,60,6,24
0.141377,60,6,30
0.140288,60,6,36
0.140448,60,6,42
0.142155,60,6,48
0.141609,60,6,54
0.141196,60,6,60
0.142432,60,6,66
0.138904,60,6,72
0.138931,60,6,78
0.140721,60,6,84
0.141701,60,6,90
0.124842,60,6,96
0.125427,60,12,0
0.125928,60,12,6
0.139266,60,12,12
0.142643,60,12,18
0.139328,60,12,24
0.139739,60,12,30
0.139122,60,12,36
0.140145,60,12,42
0.14133,60,12,48
0.157622,60,12,54
0.140892,60,12,60
0.140164,60,12,66
0.141064,60,12,72
0.140536,60,12,78
0.13882,60,12,84
0.140738,60,12,90
0.139757,60,12,96
0.127024,60,18,0
0.140171,60,18,6
0.125669,60,18,12
0.139854,60,18,18
0.139411,60,18,24
0.143614,60,18,30
0.156188,60,18,36
0.155015,60,18,42
0.156027,60,18,48
0.156232,60,18,54
0.156937,60,18,60
0.154383,60,18,66
0.157363,60,18,72
0.15514,60,18,78
0.142616,60,18,84
0.142351,60,18,90
0.139371,60,18,96
0.124912,60,24,0
0.139362,60,24,6
0.140461,60,24,12
0.141147,60,24,18
0.153188,60,24,24
0.156769,60,24,30
0.15453,60,24,36
0.156969,60,24,42
0.17076,60,24,48
0.15563,60,24,54
0.157472,60,24,60
0.155999,60,24,66
0.15699,60,24,72
0.155494,60,24,78
0.157182,60,24,84
0.154074,60,24,90
0.1404,60,24,96
0.12478,60,30,0
0.12659,60,30,6
0.140354,60,30,12
0.140853,60,30,18
0.155173,60,30,24
0.15503,60,30,30
0.154582,60,30,36
0.158276,60,30,42
0.15524,60,30,48
0.155964,60,30,54
0.157121,60,30,60
0.155037,60,30,66
0.153944,60,30,72
0.157227,60,30,78
0.157982,60,30,84
0.155469,60,30,90
0.154068,60,30,96
0.143239,60,36,0
0.139692,60,36,6
0.141467,60,36,12
0.157323,60,36,18
0.156684,60,36,24
0.156056,60,36,30
0.171985,60,36,36
0.187754,60,36,42
0.157302,60,36,48
0.157953,60,36,54
0.157125,60,36,60
0.157247,60,36,66
0.174266,60,36,72
0.170068,60,36,78
0.154806,60,36,84
0.154962,60,36,90
0.156341,60,36,96
0.140196,60,42,0
0.140319,60,42,6
0.141711,60,42,12
0.156356,60,42,18
0.158556,60,42,24
0.156238,60,42,30
0.158504,60,42,36
0.170838,60,42,42
0.172752,60,42,48
0.173034,60,42,54
0.171422,60,42,60
0.172329,60,42,66
0.173164,60,42,72
0.170344,60,42,78
0.173739,60,42,84
0.158026,60,42,90
0.156111,60,42,96
0.140722,60,48,0
0.14007,60,48,6
0.156468,60,48,12
0.155127,60,48,18
0.157625,60,48,24
0.155496,60,48,30
0.170666,60,48,36
0.172144,60,48,42
0.172968,60,48,48
0.174316,60,48,54
0.184717,60,48,60
0.174064,60,48,66
0.17189,60,48,72
0.172647,60,48,78
0.183396,60,48,84
0.172634,60,48,90
0.157873,60,48,96
0.141859,60,54,0
0.140194,60,54,6
0.157667,60,54,12
0.15761,60,54,18
0.155315,60,54,24
0.171665,60,54,30
0.171332,60,54,36
0.173032,60,54,42
0.187919,60,54,48
0.187397,60,54,54
0.186332,60,54,60
0.18763,60,54,66
0.188225,60,54,72
0.185938,60,54,78
0.185802,60,54,84
0.171452,60,54,90
0.173134,60,54,96
0.141071,60,60,0
0.137739,60,60,6
0.141407,60,60,12
0.15506,60,60,18
0.15777,60,60,24
0.16893,60,60,30
0.172801,60,60,36
0.186344,60,60,42
0.187528,60,60,48
0.189015,60,60,54
0.185482,60,60,60
0.184648,60,60,66
0.188097,60,60,72
0.19068,60,60,78
0.186618,60,60,84
0.172813,60,60,90
0.188077,60,60,96
0.140816,60,66,0
0.157814,60,66,6
0.155305,60,66,12
0.158217,60,66,18
0.16446,60,66,24
0.180023,60,66,30
0.169736,60,66,36
0.189636,60,66,42
0.185693,60,66,48
0.185642,60,66,54
0.18734,60,66,60
0.189768,60,66,66
0.188026,60,66,72
0.188061,60,66,78
0.186704,60,66,84
0.24921,60,66,90
0.189603,60,66,96
0.142464,60,72,0
0.139356,60,72,6
0.142039,60,72,12
0.155746,60,72,18
0.156653,60,72,24
0.157509,60,72,30
0.172949,60,72,36
0.172432,60,72,42
0.185536,60,72,48
0.189609,60,72,54
0.189138,60,72,60
0.187414,60,72,66
0.203793,60,72,72
0.18853,60,72,78
0.18875,60,72,84
0.188232,60,72,90
0.172734,60,72,96
0.140887,60,78,0
0.140764,60,78,6
0.139738,60,78,12
0.158075,60,78,18
0.158075,60,78,24
0.156286,60,78,30
0.171904,60,78,36
0.17296,60,78,42
0.187986,60,78,48
0.189498,60,78,54
0.188311,60,78,60
0.18689,60,78,66
0.202299,60,78,72
0.188908,60,78,78
0.188281,60,78,84
0.187264,60,78,90
0.186484,60,78,96
0.141666,60,84,0
0.139907,60,84,6
0.140668,60,84,12
0.155996,60,84,18
0.15513,60,84,24
0.156245,60,84,30
0.172421,60,84,36
0.171624,60,84,42
0.173138,60,84,48
0.185371,60,84,54
0.187683,60,84,60
0.188906,60,84,66
0.187058,60,84,72
0.187553,60,84,78
0.185809,60,84,84
0.173777,60,84,90
0.172229,60,84,96
0.12364,60,90,0
0.140876,60,90,6
0.140914,60,90,12
0.141081,60,90,18
0.157625,60,90,24
0.155316,60,90,30
0.156685,60,90,36
0.171464,60,90,42
0.186413,60,90,48
0.187198,60,90,54
0.188076,60,90,60
0.189403,60,90,66
0.189507,60,90,72
0.190315,60,90,78
0.189461,60,90,84
0.18604,60,90,90
0.172952,60,90,96
0.124818,60,96,0
0.141638,60,96,6
0.140612,60,96,12
0.139429,60,96,18
0.158054,60,96,24
0.154948,60,96,30
0.154023,60,96,36
0.170803,60,96,42
0.171797,60,96,48
0.172236,60,96,54
0.170989,60,96,60
0.187778,60,96,66
0.172924,60,96,72
0.169976,60,96,78
0.171298,60,96,84
0.172955,60,96,90
0.172597,60,96,96
0.125587,66,0,0
0.125813,66,0,6
0.124488,66,0,12
0.124958,66,0,18
0.125577,66,0,24
0.124876,66,0,30
0.124827,66,0,36
0.124956,66,0,42
0.140835,66,0,48
0.140868,66,0,54
0.141428,66,0,60
0.124633,66,0,66
0.12526,66,0,72
0.12722,66,0,78
0.123228,66,0,84
0.124058,66,0,90
0.125183,66,0,96
0.124922,66,6,0
0.124634,66,6,6
0.125591,66,6,12
0.126378,66,6,18
0.138878,66,6,24
0.141141,66,6,30
0.139361,66,6,36
0.138989,66,6,42
0.141101,66,6,48
0.141319,66,6,54
0.140925,66,6,60
0.140666,66,6,66
0.141474,66,6,72
0.12684,66,6,78
0.125952,66,6,84
0.125433,66,6,90
0.123342,66,6,96
0.125907,66,12,0
0.124662,66,12,6
0.125316,66,12,12
0.142434,66,12,18
0.139972,66,12,24
0.140036,66,12,30
0.140672,66,12,36
0.141373,66,12,42
0.138491,66,12,48
0.141787,66,12,54
0.140375,66,12,60
0.139897,66,12,66
0.140028,66,12,72
0.14215,66,12,78
0.140768,66,12,84
0.139113,66,12,90
0.122991,66,12,96
0.123985,66,18,0
0.126094,66,18,6
0.140339,66,18,12
0.141299,66,18,18
0.142356,66,18,24
0.139682,66,18,30
0.140859,66,18,36
0.140458,66,18,42
0.14042,66,18,48
0.155301,66,18,54
0.156946,66,18,60
0.140663,66,18,66
0.141525,66,18,72
0.142557,66,18,78
0.141392,66,18,84
0.14296,66,18,90
0.140424,66,18,96
0.123669,66,24,0
0.12533,66,24,6
0.140976,66,24,12
0.140881,66,24,18
0.140001,66,24,24
0.140311,66,24,30
0.154901,66,24,36
0.156111,66,24,42
0.157827,66,24,48
0.153282,66,24,54
0.154243,66,24,60
0.155844,66,24,66
0.157282,66,24,72
0.142399,66,24,78
0.155002,66,24,84
0.140224,66,24,90
0.139054,66,24,96
0.124212,66,30,0
0.126488,66,30,6
0.138006,66,30,12
0.142359,66,30,18
0.139802,66,30,24
0.155805,66,30,30
0.17123,66,30,36
0.157043,66,30,42
0.169374,66,30,48
0.175601,66,30,54
0.180469,66,30,60
0.177078,66,30,66
0.157538,66,30,72
0.158146,66,30,78
0.15488,66,30,84
0.15655,66,30,90
0.153892,66,30,96
0.126872,66,36,0
0.140171,66,36,6
0.139525,66,36,12
0.141598,66,36,18
0.156019,66,36,24
0.15404,66,36,30
0.156702,66,36,36
0.172302,66,36,42
0.170006,66,36,48
0.169543,66,36,54
0.172968,66,36,60
0.158102,66,36,66
0.156971,66,36,72
0.156677,66,36,78
0.156296,66,36,84
0.15639,66,36,90
0.203475,66,36,96
0.14021,66,42,0
0.14129,66,42,6
0.140889,66,42,12
0.140807,66,42,18
0.157935,66,42,24
0.15648,66,42,30
0.155872,66,42,36
0.156619,66,42,42
0.156873,66,42,48
0.156182,66,42,54
0.172901,66,42,60
0.172727,66,42,66
0.170633,66,42,72
0.172159,66,42,78
0.16981,66,42,84
0.157246,66,42,90
0.154253,66,42,96
0.125903,66,48,0
0.141127,66,48,6
0.140579,66,48,12
0.139787,66,48,18
0.154645,66,48,24
0.157983,66,48,30
0.156516,66,48,36
0.172351,66,48,42
0.171719,66,48,48
0.169947,66,48,54
0.172036,66,48,60
0.173862,66,48,66
0.170318,66,48,72
0.173303,66,48,78
0.170244,66,48,84
0.171608,66,48,90
0.172826,66,48,96
0.141146,66,54,0
0.138621,66,54,6
0.140821,66,54,12
0.143151,66,54,18
0.15459,66,54,24
0.156539,66,54,30
0.172327,66,54,36
0.171347,66,54,42
0.172266,66,54,48
0.173161,66,54,54
0.172359,66,54,60
0.171422,66,54,66
0.171394,66,54,72
0.171623,66,54,78
0.174468,66,54,84
0.173275,66,54,90
0.172628,66,54,96
0.14082,66,60,0
0.140041,66,60,6
0.139836,66,60,12
0.158512,66,60,18
0.155395,66,60,24
0.156092,66,60,30
0.170618,66,60,36
0.172848,66,60,42
0.171989,66,60,48
0.187111,66,60,54
0.200867,66,60,60
0.188925,66,60,66
0.187919,66,60,72
0.187881,66,60,78
0.18659,66,60,84
0.186252,66,60,90
0.173082,66,60,96
0.140491,66,66,0
0.140912,66,66,6
0.159026,66,66,12
0.156443,66,66,18
0.156988,66,66,24
0.156384,66,66,30
0.173453,66,66,36
0.17144,66,66,42
0.17344,66,66,48
0.18555,66,66,54
0.190446,66,66,60
0.188053,66,66,66
0.203918,66,66,72
0.188341,66,66,78
0.190471,66,66,84
0.188005,66,66,90
0.171977,66,66,96
0.125977,66,72,0
0.125029,66,72,6
0.142091,66,72,12
0.143095,66,72,18
0.158423,66,72,24
0.155278,66,72,30
0.170135,66,72,36
0.171318,66,72,42
0.172931,66,72,48
0.173771,66,72,54
0.187152,66,72,60
0.189736,66,72,66
0.18845,66,72,72
0.189214,66,72,78
0.18752,66,72,84
0.186167,66,72,90
0.188631,66,72,96
0.140104,66,78,0
0.141866,66,78,6
0.139532,66,78,12
0.155657,66,78,18
0.157371,66,78,24
0.15662,66,78,30
0.172251,66,78,36
0.1702,66,78,42
0.17328,66,78,48
0.188303,66,78,54
0.188494,66,78,60
0.186151,66,78,66
0.186705,66,78,72
0.186854,66,78,78
0.187842,66,78,84
0.186859,66,78,90
0.187323,66,78,96
0.14095,66,84,0
0.141505,66,84,6
0.140868,66,84,12
0.140299,66,84,18
0.156625,66,84,24
0.157333,66,84,30
0.15757,66,84,36
0.17393,66,84,42
0.173146,66,84,48
0.186916,66,84,54
0.187656,66,84,60
0.18855,66,84,66
0.188672,66,84,72
0.203095,66,84,78
0.186868,66,84,84
0.186464,66,84,90
0.17344,66,84,96
0.125441,66,90,0
0.141381,66,90,6
0.140867,66,90,12
0.13979,66,90,18
0.154866,66,90,24
0.156713,66,90,30
0.156492,66,90,36
0.172394,66,90,42
0.17091,66,90,48
0.172904,66,90,54
0.188636,66,90,60
0.200239,66,90,66
0.187706,66,90,72
0.188223,66,90,78
0.173995,66,90,84
0.172922,66,90,90
0.171228,66,90,96
0.141183,66,96,0
0.124277,66,96,6
0.140527,66,96,12
0.142218,66,96,18
0.156892,66,96,24
0.142388,66,96,30
0.157128,66,96,36
0.170908,66,96,42
0.171615,66,96,48
0.170069,66,96,54
0.173644,66,96,60
0.170513,66,96,66
0.17221,66,96,72
0.173366,66,96,78
0.186939,66,96,84
0.1727,66,96,90
0.173991,66,96,96
0.108878,72,0,0
0.125703,72,0,6
0.125573,72,0,12
0.124049,72,0,18
0.124051,72,0,24
0.124728,72,0,30
0.123115,72,0,36
0.125385,72,0,42
0.126518,72,0,48
0.140208,72,0,54
0.124873,72,0,60
0.123478,72,0,66
0.127333,72,0,72
0.123774,72,0,78
0.124523,72,0,84
0.125207,72,0,90
0.12462,72,0,96
0.123953,72,6,0
0.125893,72,6,6
0.12413,72,6,12
0.125043,72,6,18
0.127413,72,6,24
0.124907,72,6,30
0.139407,72,6,36
0.141407,72,6,42
0.141333,72,6,48
0.12559,72,6,54
0.124372,72,6,60
0.141053,72,6,66
0.140919,72,6,72
0.125771,72,6,78
0.125105,72,6,84
0.122928,72,6,90
0.126778,72,6,96
0.123721,72,12,0
0.127098,72,12,6
0.124291,72,12,12
0.125165,72,12,18
0.140378,72,12,24
0.140537,72,12,30
0.142174,72,12,36
0.140581,72,12,42
0.141043,72,12,48
0.138648,72,12,54
0.140592,72,12,60
0.140494,72,12,66
0.140477,72,12,72
0.14174,72,12,78
0.141187,72,12,84
0.139993,72,12,90
0.124502,72,12,96
0.124872,72,18,0
0.125908,72,18,6
0.125198,72,18,12
0.139286,72,18,18
0.140207,72,18,24
0.140755,72,18,30
0.141573,72,18,36
0.141191,72,18,42
0.142107,72,18,48
0.140382,72,18,54
0.141095,72,18,60
0.141502,72,18,66
0.141713,72,18,72
0.140763,72,18,78
0.140228,72,18,84
0.139125,72,18,90
0.140607,72,18,96
0.124915,72,24,0
0.124412,72,24,6
0.155058,72,24,12
0.13867,72,24,18
0.141247,72,24,24
0.141287,72,24,30
0.143666,72,24,36
0.139391,72,24,42
0.154239,72,24,48
0.154957,72,24,54
0.139138,72,24,60
0.155649,72,24,66
0.140776,72,24,72
0.156941,72,24,78
0.141305,72,24,84
0.13806,72,24,90
0.139868,72,24,96
0.126131,72,30,0
0.124029,72,30,6
0.140955,72,30,12
0.140584,72,30,18
0.1411,72,30,24
0.142542,72,30,30
0.156876,72,30,36
0.143312,72,30,42
0.154481,72,30,48
0.15741,72,30,54
0.156917,72,30,60
0.156311,72,30,66
0.155025,72,30,72
0.155354,72,30,78
0.15692,72,30,84
0.139839,72,30,90
0.140328,72,30,96
0.123925,72,36,0
0.140656,72,36,6
0.141517,72,36,12
0.1422,72,36,18
0.141586,72,36,24
0.142074,72,36,30
0.14266,72,36,36
0.156342,72,36,42
0.157154,72,36,48
0.155158,72,36,54
0.172279,72,36,60
0.154844,72,36,66
0.15482,72,36,72
0.155938,72,36,78
0.155274,72,36,84
0.155288,72,36,90
0.15775,72,36,96
0.126002,72,42,0
0.138492,72,42,6
0.1405,72,42,12
0.140626,72,42,18
0.155707,72,42,24
0.157121,72,42,30
0.156491,72,42,36
0.156701,72,42,42
0.15605,72,42,48
0.171927,72,42,54
0.171817,72,42,60
0.155962,72,42,66
0.157249,72,42,72
0.156056,72,42,78
0.156892,72,42,84
0.154828,72,42,90
0.15648,72,42,96
0.124358,72,48,0
0.140966,72,48,6
0.156465,72,48,12
0.155335,72,48,18
0.143433,72,48,24
0.156805,72,48,30
0.157073,72,48,36
0.172523,72,48,42
0.172153,72,48,48
0.173348,72,48,54
0.173045,72,48,60
0.172328,72,48,66
0.187766,72,48,72
0.157467,72,48,78
0.172426,72,48,84
0.157034,72,48,90
0.155075,72,48,96
0.142201,72,54,0
0.142024,72,54,6
0.142293,72,54,12
0.141393,72,54,18
0.157187,72,54,24
0.155503,72,54,30
0.155111,72,54,36
0.17241,72,54,42
0.172242,72,54,48
0.169642,72,54,54
0.171765,72,54,60
0.17182,72,54,66
0.171489,72,54,72
0.172759,72,54,78
0.176442,72,54,84
0.168618,72,54,90
0.15807,72,54,96
0.125203,72,60,0
0.141048,72,60,6
0.141722,72,60,12
0.14048,72,60,18
0.155658,72,60,24
0.158184,72,60,30
0.156431,72,60,36
0.170763,72,60,42
0.172853,72,60,48
0.172366,72,60,54
0.187264,72,60,60
0.186944,72,60,66
0.20261,72,60,72
0.186582,72,60,78
0.17133,72,60,84
0.172678,72,60,90
0.171811,72,60,96
0.141532,72,66,0
0.13944,72,66,6
0.141426,72,66,12
0.156047,72,66,18
0.158503,72,66,24
0.156647,72,66,30
0.172471,72,66,36
0.173811,72,66,42
0.187525,72,66,48
0.185958,72,66,54
0.188389,72,66,60
0.188174,72,66,66
0.187017,72,66,72
0.188423,72,66,78
0.172032,72,66,84
0.172367,72,66,90
0.172459,72,66,96
0.139089,72,72,0
0.140603,72,72,6
0.140816,72,72,12
0.15673,72,72,18
0.156353,72,72,24
0.155162,72,72,30
0.171243,72,72,36
0.173917,72,72,42
0.18808,72,72,48
0.172145,72,72,54
0.173259,72,72,60
0.173126,72,72,66
0.173253,72,72,72
0.171604,72,72,78
0.187564,72,72,84
0.171893,72,72,90
0.17317,72,72,96
0.141834,72,78,0
0.139829,72,78,6
0.13933,72,78,12
0.140486,72,78,18
0.156372,72,78,24
0.155793,72,78,30
0.155601,72,78,36
0.154419,72,78,42
0.156195,72,78,48
0.18772,72,78,54
0.172562,72,78,60
0.172609,72,78,66
0.187465,72,78,72
0.189927,72,78,78
0.187138,72,78,84
0.173315,72,78,90
0.174188,72,78,96
0.125411,72,84,0
0.141512,72,84,6
0.140938,72,84,12
0.140369,72,84,18
0.155487,72,84,24
0.155213,72,84,30
0.156225,72,84,36
0.158394,72,84,42
0.173956,72,84,48
0.173916,72,84,54
0.170806,72,84,60
0.172079,72,84,66
0.171925,72,84,72
0.172092,72,84,78
0.172217,72,84,84
0.174015,72,84,90
0.187152,72,84,96
0.124609,72,90,0
0.141652,72,90,6
0.138422,72,90,12
0.140899,72,90,18
0.140385,72,90,24
0.141016,72,90,30
0.156098,72,90,36
0.154466,72,90,42
0.156704,72,90,48
0.173198,72,90,54
0.190224,72,90,60
0.18605,72,90,66
0.184903,72,90,72
0.172894,72,90,78
0.170789,72,90,84
0.172245,72,90,90
0.155565,72,90,96
0.124414,72,96,0
0.125586,72,96,6
0.142036,72,96,12
0.138406,72,96,18
0.139131,72,96,24
0.141664,72,96,30
0.155887,72,96,36
0.15612,72,96,42
0.155664,72,96,48
0.172562,72,96,54
0.170964,72,96,60
0.171602,72,96,66
0.172482,72,96,72
0.174049,72,96,78
0.17068,72,96,84
0.172346,72,96,90
0.171759,72,96,96
0.10992,78,0,0
0.109593,78,0,6
0.111256,78,0,12
0.111307,78,0,18
0.111544,78,0,24
0.125561,78,0,30
0.126022,78,0,36
0.125943,78,0,42
0.137041,78,0,48
0.146281,78,0,54
0.12497,78,0,60
0.125943,78,0,66
0.125619,78,0,72
0.124925,78,0,78
0.110105,78,0,84
0.125726,78,0,90
0.126296,78,0,96
0.108329,78,6,0
0.124213,78,6,6
0.124081,78,6,12
0.127084,78,6,18
0.125821,78,6,24
0.125665,78,6,30
0.140087,78,6,36
0.141587,78,6,42
0.124228,78,6,48
0.13976,78,6,54
0.125952,78,6,60
0.125814,78,6,66
0.125348,78,6,72
0.124895,78,6,78
0.125928,78,6,84
0.124424,78,6,90
0.125123,78,6,96
0.125964,78,12,0
0.125696,78,12,6
0.123974,78,12,12
0.126027,78,12,18
0.125229,78,12,24
0.125187,78,12,30
0.141677,78,12,36
0.141335,78,12,42
0.126199,78,12,48
0.142079,78,12,54
0.140202,78,12,60
0.139447,78,12,66
0.13971,78,12,72
0.125117,78,12,78
0.140217,78,12,84
0.12189,78,12,90
0.12417,78,12,96
0.124723,78,18,0
0.125286,78,18,6
0.125133,78,18,12
0.125701,78,18,18
0.126211,78,18,24
0.140539,78,18,30
0.140835,78,18,36
0.140627,78,18,42
0.142132,78,18,48
0.141634,78,18,54
0.140657,78,18,60
0.140814,78,18,66
0.140342,78,18,72
0.142231,78,18,78
0.142468,78,18,84
0.123869,78,18,90
0.125296,78,18,96
0.123315,78,24,0
0.125774,78,24,6
0.126621,78,24,12
0.140456,78,24,18
0.141176,78,24,24
0.14256,78,24,30
0.143129,78,24,36
0.139624,78,24,42
0.140502,78,24,48
0.142632,78,24,54
0.141766,78,24,60
0.141426,78,24,66
0.139912,78,24,72
0.13779,78,24,78
0.142569,78,24,84
0.140484,78,24,90
0.141215,78,24,96
0.123356,78,30,0
0.125358,78,30,6
0.141181,78,30,12
0.219034,78,30,18
0.141281,78,30,24
0.141109,78,30,30
0.141319,78,30,36
0.141604,78,30,42
0.141054,78,30,48
0.156157,78,30,54
0.15768,78,30,60
0.15308,78,30,66
0.140418,78,30,72
0.139697,78,30,78
0.142394,78,30,84
0.140674,78,30,90
0.142329,78,30,96
0.124841,78,36,0
0.125187,78,36,6
0.139292,78,36,12
0.140189,78,36,18
0.141161,78,36,24
0.140632,78,36,30
0.140431,78,36,36
0.154587,78,36,42
0.156882,78,36,48
0.154861,78,36,54
0.141549,78,36,60
0.1552,78,36,66
0.156766,78,36,72
0.15741,78,36,78
0.140709,78,36,84
0.143469,78,36,90
0.141556,78,36,96
0.125715,78,42,0
0.12532,78,42,6
0.14097,78,42,12
0.140461,78,42,18
0.140737,78,42,24
0.142551,78,42,30
0.156064,78,42,36
0.157806,78,42,42
0.15663,78,42,48
0.157543,78,42,54
0.156647,78,42,60
0.158004,78,42,66
0.155648,78,42,72
0.156637,78,42,78
0.15656,78,42,84
0.155772,78,42,90
0.140639,78,42,96
0.126428,78,48,0
0.125974,78,48,6
0.140958,78,48,12
0.155038,78,48,18
0.142196,78,48,24
0.155993,78,48,30
0.157667,78,48,36
0.156935,78,48,42
0.156071,78,48,48
0.157898,78,48,54
0.157839,78,48,60
0.15675,78,48,66
0.171391,78,48,72
0.155416,78,48,78
0.156675,78,48,84
0.157691,78,48,90
0.158757,78,48,96
0.123366,78,54,0
0.125406,78,54,6
0.140387,78,54,12
0.139485,78,54,18
0.138638,78,54,24
0.203007,78,54,30
0.158343,78,54,36
0.154975,78,54,42
0.158591,78,54,48
0.17156,78,54,54
0.157248,78,54,60
0.172249,78,54,66
0.172459,78,54,72
0.173032,78,54,78
0.158556,78,54,84
0.156033,78,54,90
0.157063,78,54,96
0.125917,78,60,0
0.125741,78,60,6
0.139871,78,60,12
0.139893,78,60,18
0.142209,78,60,24
0.155715,78,60,30
0.156349,78,60,36
0.156029,78,60,42
0.15527,78,60,48
0.156905,78,60,54
0.171961,78,60,60
0.172269,78,60,66
0.171243,78,60,72
0.171309,78,60,78
0.172176,78,60,84
0.154951,78,60,90
0.155753,78,60,96
0.123302,78,66,0
0.139832,78,66,6
0.139805,78,66,12
0.140835,78,66,18
0.157713,78,66,24
0.15566,78,66,30
0.158557,78,66,36
0.153618,78,66,42
0.153865,78,66,48
0.172926,78,66,54
0.172338,78,66,60
0.170362,78,66,66
0.171097,78,66,72
0.170982,78,66,78
0.171613,78,66,84
0.172753,78,66,90
0.172684,78,66,96
0.125994,78,72,0
0.139462,78,72,6
0.140691,78,72,12
0.140767,78,72,18
0.139544,78,72,24
0.157758,78,72,30
0.156505,78,72,36
0.158616,78,72,42
0.156497,78,72,48
0.172313,78,72,54
0.171865,78,72,60
0.172228,78,72,66
0.172205,78,72,72
0.173018,78,72,78
0.171313,78,72,84
0.172243,78,72,90
0.156716,78,72,96
0.125898,78,78,0
0.128369,78,78,6
0.140556,78,78,12
0.141847,78,78,18
0.143259,78,78,24
0.157945,78,78,30
0.158453,78,78,36
0.155807,78,78,42
0.157607,78,78,48
0.171901,78,78,54
0.171542,78,78,60
0.172737,78,78,66
0.172965,78,78,72
0.172561,78,78,78
0.172281,78,78,84
0.171612,78,78,90
0.155897,78,78,96
0.125794,78,84,0
0.125609,78,84,6
0.140622,78,84,12
0.140949,78,84,18
0.141004,78,84,24
0.14119,78,84,30
0.155489,78,84,36
0.155195,78,84,42
0.157408,78,84,48
0.172564,78,84,54
0.171576,78,84,60
0.171903,78,84,66
0.169824,78,84,72
0.171773,78,84,78
0.189221,78,84,84
0.170465,78,84,90
0.156161,78,84,96
0.125727,78,90,0
0.141991,78,90,6
0.124729,78,90,12
0.13945,78,90,18
0.139534,78,90,24
0.140963,78,90,30
0.15697,78,90,36
0.152647,78,90,42
0.157261,78,90,48
0.156517,78,90,54
0.171796,78,90,60
0.171131,78,90,66
0.171462,78,90,72
0.171288,78,90,78
0.158005,78,90,84
0.157907,78,90,90
0.157157,78,90,96
0.124387,78,96,0
0.124342,78,96,6
0.14008,78,96,12
0.140223,78,96,18
0.139455,78,96,24
0.141727,78,96,30
0.154343,78,96,36
0.156303,78,96,42
0.156558,78,96,48
0.156414,78,96,54
0.171213,78,96,60
0.169696,78,96,66
0.156535,78,96,72
0.173826,78,96,78
0.156341,78,96,84
0.156056,78,96,90
0.156199,78,96,96
0.108582,84,0,0
0.108021,84,0,6
0.109756,84,0,12
0.125403,84,0,18
0.124789,84,0,24
0.12598,84,0,30
0.139012,84,0,36
0.127494,84,0,42
0.138467,84,0,48
0.122716,84,0,54
0.124104,84,0,60
0.126916,84,0,66
0.124788,84,0,72
0.125501,84,0,78
0.125238,84,0,84
0.124773,84,0,90
0.125847,84,0,96
0.126103,84,6,0
0.110607,84,6,6
0.124251,84,6,12
0.126244,84,6,18
0.109877,84,6,24
0.124437,84,6,30
0.139619,84,6,36
0.138771,84,6,42
0.141384,84,6,48
0.123617,84,6,54
0.123414,84,6,60
0.141433,84,6,66
0.140378,84,6,72
0.125783,84,6,78
0.125309,84,6,84
0.124226,84,6,90
0.125802,84,6,96
0.110437,84,12,0
0.110388,84,12,6
0.126883,84,12,12
0.125404,84,12,18
0.123668,84,12,24
0.139128,84,12,30
0.139433,84,12,36
0.124232,84,12,42
0.141848,84,12,48
0.13985,84,12,54
0.140054,84,12,60
0.139485,84,12,66
0.15607,84,12,72
0.157623,84,12,78
0.14113,84,12,84
0.124237,84,12,90
