time,var_1_int,var_2_int,var_1_value,var_2_value
0.061996,0,0,--a 1,--b 1
0.095154,0,1,--a 1,--b 2
0.111003,0,2,--a 1,--b 3
0.1239,0,3,--a 1,--b 4
0.141309,0,4,--a 1,--b 5
0.156322,0,5,--a 1,--b 6
0.157623,0,6,--a 1,--b 7
0.171772,0,7,--a 1,--b 8
0.202597,0,8,--a 1,--b 9
0.217623,0,9,--a 1,--b 10
0.249407,10,0,--a 11,--b 1
0.171782,10,1,--a 11,--b 2
0.173349,10,2,--a 11,--b 3
0.142908,10,3,--a 11,--b 4
0.158751,10,4,--a 11,--b 5
0.158921,10,5,--a 11,--b 6
0.142055,10,6,--a 11,--b 7
0.159152,10,7,--a 11,--b 8
0.174306,10,8,--a 11,--b 9
0.237418,10,9,--a 11,--b 10
0.380229,20,0,--a 21,--b 1
0.239042,20,1,--a 21,--b 2
0.173393,20,2,--a 21,--b 3
0.203302,20,3,--a 21,--b 4
0.202964,20,4,--a 21,--b 5
0.139948,20,5,--a 21,--b 6
0.110891,20,6,--a 21,--b 7
0.171844,20,7,--a 21,--b 8
0.141969,20,8,--a 21,--b 9
0.266307,20,9,--a 21,--b 10
0.535459,30,0,--a 31,--b 1
0.314529,30,1,--a 31,--b 2
0.252321,30,2,--a 31,--b 3
0.219607,30,3,--a 31,--b 4
0.236315,30,4,--a 31,--b 5
0.238628,30,5,--a 31,--b 6
0.190239,30,6,--a 31,--b 7
0.222843,30,7,--a 31,--b 8
0.187918,30,8,--a 31,--b 9
0.250964,30,9,--a 31,--b 10
0.7068,40,0,--a 41,--b 1
0.422735,40,1,--a 41,--b 2
0.359218,40,2,--a 41,--b 3
0.31619,40,3,--a 41,--b 4
0.25443,40,4,--a 41,--b 5
0.234583,40,5,--a 41,--b 6
0.249509,40,6,--a 41,--b 7
0.264946,40,7,--a 41,--b 8
0.217859,40,8,--a 41,--b 9
0.28213,40,9,--a 41,--b 10
0.865459,50,0,--a 51,--b 1
0.518865,50,1,--a 51,--b 2
0.312443,50,2,--a 51,--b 3
0.300476,50,3,--a 51,--b 4
0.283603,50,4,--a 51,--b 5
0.218455,50,5,--a 51,--b 6
0.25197,50,6,--a 51,--b 7
0.253959,50,7,--a 51,--b 8
0.190007,50,8,--a 51,--b 9
0.301686,50,9,--a 51,--b 10
0.998288,60,0,--a 61,--b 1
0.551979,60,1,--a 61,--b 2
0.407135,60,2,--a 61,--b 3
0.347354,60,3,--a 61,--b 4
0.314725,60,4,--a 61,--b 5
0.299593,60,5,--a 61,--b 6
0.250852,60,6,--a 61,--b 7
0.234405,60,7,--a 61,--b 8
0.235233,60,8,--a 61,--b 9
0.295471,60,9,--a 61,--b 10
1.157097,70,0,--a 71,--b 1
0.638657,70,1,--a 71,--b 2
0.457978,70,2,--a 71,--b 3
0.390737,70,3,--a 71,--b 4
0.363549,70,4,--a 71,--b 5
0.333207,70,5,--a 71,--b 6
0.313476,70,6,--a 71,--b 7
0.296778,70,7,--a 71,--b 8
0.296981,70,8,--a 71,--b 9
0.313716,70,9,--a 71,--b 10
1.327635,80,0,--a 81,--b 1
0.713774,80,1,--a 81,--b 2
0.502231,80,2,--a 81,--b 3
0.434621,80,3,--a 81,--b 4
0.392208,80,4,--a 81,--b 5
0.284876,80,5,--a 81,--b 6
0.301361,80,6,--a 81,--b 7
0.343461,80,7,--a 81,--b 8
0.204649,80,8,--a 81,--b 9
0.34241,80,9,--a 81,--b 10
1.505582,90,0,--a 91,--b 1
0.796125,90,1,--a 91,--b 2
0.576327,90,2,--a 91,--b 3
0.471639,90,3,--a 91,--b 4
0.441334,90,4,--a 91,--b 5
0.373416,90,5,--a 91,--b 6
0.250251,90,6,--a 91,--b 7
0.297587,90,7,--a 91,--b 8
0.345214,90,8,--a 91,--b 9
0.358653,90,9,--a 91,--b 10
1.670653,100,0,--a 101,--b 1
0.863064,100,1,--a 101,--b 2
0.633324,100,2,--a 101,--b 3
0.547633,100,3,--a 101,--b 4
0.438774,100,4,--a 101,--b 5
0.406657,100,5,--a 101,--b 6
0.435303,100,6,--a 101,--b 7
0.345797,100,7,--a 101,--b 8
0.331023,100,8,--a 101,--b 9
0.357333,100,9,--a 101,--b 10
1.786944,110,0,--a 111,--b 1
0.956635,110,1,--a 111,--b 2
0.641493,110,2,--a 111,--b 3
0.54662,110,3,--a 111,--b 4
0.468454,110,4,--a 111,--b 5
0.378997,110,5,--a 111,--b 6
0.396061,110,6,--a 111,--b 7
0.376808,110,7,--a 111,--b 8
0.281075,110,8,--a 111,--b 9
0.380049,110,9,--a 111,--b 10
1.96713,120,0,--a 121,--b 1
1.036506,120,1,--a 121,--b 2
0.722863,120,2,--a 121,--b 3
0.593226,120,3,--a 121,--b 4
0.498603,120,4,--a 121,--b 5
0.47139,120,5,--a 121,--b 6
0.409886,120,6,--a 121,--b 7
0.421752,120,7,--a 121,--b 8
0.377597,120,8,--a 121,--b 9
0.44504,120,9,--a 121,--b 10
2.121971,130,0,--a 131,--b 1
1.10473,130,1,--a 131,--b 2
0.788391,130,2,--a 131,--b 3
0.646994,130,3,--a 131,--b 4
0.542476,130,4,--a 131,--b 5
0.477585,130,5,--a 131,--b 6
0.415677,130,6,--a 131,--b 7
0.395994,130,7,--a 131,--b 8
0.361704,130,8,--a 131,--b 9
0.453458,130,9,--a 131,--b 10
2.333637,140,0,--a 141,--b 1
1.183531,140,1,--a 141,--b 2
0.797966,140,2,--a 141,--b 3
0.669298,140,3,--a 141,--b 4
0.570035,140,4,--a 141,--b 5
0.448015,140,5,--a 141,--b 6
0.479103,140,6,--a 141,--b 7
0.393367,140,7,--a 141,--b 8
0.329996,140,8,--a 141,--b 9
0.422399,140,9,--a 141,--b 10
2.465298,150,0,--a 151,--b 1
1.263246,150,1,--a 151,--b 2
0.90087,150,2,--a 151,--b 3
0.709332,150,3,--a 151,--b 4
0.598019,150,4,--a 151,--b 5
0.531749,150,5,--a 151,--b 6
0.453335,150,6,--a 151,--b 7
0.455285,150,7,--a 151,--b 8
0.413293,150,8,--a 151,--b 9
0.43997,150,9,--a 151,--b 10
2.585249,160,0,--a 161,--b 1
1.402003,160,1,--a 161,--b 2
0.926268,160,2,--a 161,--b 3
0.748539,160,3,--a 161,--b 4
0.64327,160,4,--a 161,--b 5
0.554768,160,5,--a 161,--b 6
0.420954,160,6,--a 161,--b 7
0.485811,160,7,--a 161,--b 8
0.469512,160,8,--a 161,--b 9
0.483306,160,9,--a 161,--b 10
2.792199,170,0,--a 171,--b 1
1.424918,170,1,--a 171,--b 2
0.947617,170,2,--a 171,--b 3
0.800629,170,3,--a 171,--b 4
0.664601,170,4,--a 171,--b 5
0.532242,170,5,--a 171,--b 6
0.521477,170,6,--a 171,--b 7
0.455835,170,7,--a 171,--b 8
0.365525,170,8,--a 171,--b 9
0.482575,170,9,--a 171,--b 10
2.917054,180,0,--a 181,--b 1
1.529922,180,1,--a 181,--b 2
1.060585,180,2,--a 181,--b 3
0.823702,180,3,--a 181,--b 4
0.713903,180,4,--a 181,--b 5
0.617122,180,5,--a 181,--b 6
0.566985,180,6,--a 181,--b 7
0.486714,180,7,--a 181,--b 8
0.512746,180,8,--a 181,--b 9
0.482635,180,9,--a 181,--b 10
3.123115,190,0,--a 191,--b 1
1.568865,190,1,--a 191,--b 2
1.087505,190,2,--a 191,--b 3
0.916727,190,3,--a 191,--b 4
0.739121,190,4,--a 191,--b 5
0.631192,190,5,--a 191,--b 6
0.587849,190,6,--a 191,--b 7
0.538651,190,7,--a 191,--b 8
0.476915,190,8,--a 191,--b 9
0.510225,190,9,--a 191,--b 10
3.298756,200,0,--a 201,--b 1
1.701823,200,1,--a 201,--b 2
1.119349,200,2,--a 201,--b 3
0.893523,200,3,--a 201,--b 4
0.773411,200,4,--a 201,--b 5
0.610611,200,5,--a 201,--b 6
0.559627,200,6,--a 201,--b 7
0.563324,200,7,--a 201,--b 8
0.443361,200,8,--a 201,--b 9
0.537884,200,9,--a 201,--b 10
3.380119,210,0,--a 211,--b 1
1.733495,210,1,--a 211,--b 2
1.189364,210,2,--a 211,--b 3
0.927125,210,3,--a 211,--b 4
0.797869,210,4,--a 211,--b 5
0.726479,210,5,--a 211,--b 6
0.647483,210,6,--a 211,--b 7
0.547553,210,7,--a 211,--b 8
0.551347,210,8,--a 211,--b 9
0.552384,210,9,--a 211,--b 10
3.624427,220,0,--a 221,--b 1
1.811271,220,1,--a 221,--b 2
1.248797,220,2,--a 221,--b 3
0.974905,220,3,--a 221,--b 4
0.828304,220,4,--a 221,--b 5
0.72471,220,5,--a 221,--b 6
0.618975,220,6,--a 221,--b 7
0.569788,220,7,--a 221,--b 8
0.519859,220,8,--a 221,--b 9
0.561184,220,9,--a 221,--b 10
3.757682,230,0,--a 231,--b 1
1.875516,230,1,--a 231,--b 2
1.265687,230,2,--a 231,--b 3
1.011471,230,3,--a 231,--b 4
0.85858,230,4,--a 231,--b 5
0.680921,230,5,--a 231,--b 6
0.568403,230,6,--a 231,--b 7
0.615591,230,7,--a 231,--b 8
0.492807,230,8,--a 231,--b 9
0.597856,230,9,--a 231,--b 10
3.865244,240,0,--a 241,--b 1
1.97595,240,1,--a 241,--b 2
1.362862,240,2,--a 241,--b 3
1.082601,240,3,--a 241,--b 4
0.892113,240,4,--a 241,--b 5
0.797157,240,5,--a 241,--b 6
0.663756,240,6,--a 241,--b 7
0.661039,240,7,--a 241,--b 8
0.561298,240,8,--a 241,--b 9
0.615939,240,9,--a 241,--b 10
4.046619,250,0,--a 251,--b 1
2.086042,250,1,--a 251,--b 2
1.429511,250,2,--a 251,--b 3
1.125774,250,3,--a 251,--b 4
0.911879,250,4,--a 251,--b 5
0.80344,250,5,--a 251,--b 6
0.722527,250,6,--a 251,--b 7
0.617911,250,7,--a 251,--b 8
0.617271,250,8,--a 251,--b 9
0.614408,250,9,--a 251,--b 10
4.160908,260,0,--a 261,--b 1
2.144193,260,1,--a 261,--b 2
1.435047,260,2,--a 261,--b 3
1.124674,260,3,--a 261,--b 4
0.945231,260,4,--a 261,--b 5
0.815031,260,5,--a 261,--b 6
0.734717,260,6,--a 261,--b 7
0.636999,260,7,--a 261,--b 8
0.515292,260,8,--a 261,--b 9
0.673228,260,9,--a 261,--b 10
4.31635,270,0,--a 271,--b 1
2.242794,270,1,--a 271,--b 2
1.536956,270,2,--a 271,--b 3
1.184847,270,3,--a 271,--b 4
1.053187,270,4,--a 271,--b 5
0.855353,270,5,--a 271,--b 6
0.744952,270,6,--a 271,--b 7
0.715268,270,7,--a 271,--b 8
0.689627,270,8,--a 271,--b 9
0.651009,270,9,--a 271,--b 10
4.682821,280,0,--a 281,--b 1
2.298993,280,1,--a 281,--b 2
1.567719,280,2,--a 281,--b 3
1.235768,280,3,--a 281,--b 4
1.044884,280,4,--a 281,--b 5
0.874762,280,5,--a 281,--b 6
0.812053,280,6,--a 281,--b 7
0.734459,280,7,--a 281,--b 8
0.636993,280,8,--a 281,--b 9
0.652096,280,9,--a 281,--b 10
4.724069,290,0,--a 291,--b 1
2.36462,290,1,--a 291,--b 2
1.622055,290,2,--a 291,--b 3
1.319586,290,3,--a 291,--b 4
1.039452,290,4,--a 291,--b 5
0.885185,290,5,--a 291,--b 6
0.798719,290,6,--a 291,--b 7
0.730594,290,7,--a 291,--b 8
0.59996,290,8,--a 291,--b 9
0.65715,290,9,--a 291,--b 10
4.805732,300,0,--a 301,--b 1
2.435621,300,1,--a 301,--b 2
1.669554,300,2,--a 301,--b 3
1.299357,300,3,--a 301,--b 4
1.086892,300,4,--a 301,--b 5
0.960884,300,5,--a 301,--b 6
0.71751,300,6,--a 301,--b 7
0.712825,300,7,--a 301,--b 8
0.669786,300,8,--a 301,--b 9
0.686151,300,9,--a 301,--b 10
4.949645,310,0,--a 311,--b 1
2.5705,310,1,--a 311,--b 2
1.757413,310,2,--a 311,--b 3
1.322004,310,3,--a 311,--b 4
1.130847,310,4,--a 311,--b 5
0.943544,310,5,--a 311,--b 6
0.877658,310,6,--a 311,--b 7
0.779524,310,7,--a 311,--b 8
0.69289,310,8,--a 311,--b 9
0.693084,310,9,--a 311,--b 10
5.206015,320,0,--a 321,--b 1
2.605176,320,1,--a 321,--b 2
1.724653,320,2,--a 321,--b 3
1.36712,320,3,--a 321,--b 4
1.133218,320,4,--a 321,--b 5
0.912175,320,5,--a 321,--b 6
0.865128,320,6,--a 321,--b 7
0.813902,320,7,--a 321,--b 8
0.643428,320,8,--a 321,--b 9
0.740852,320,9,--a 321,--b 10
5.426211,330,0,--a 331,--b 1
2.683908,330,1,--a 331,--b 2
1.827794,330,2,--a 331,--b 3
1.410179,330,3,--a 331,--b 4
1.188012,330,4,--a 331,--b 5
1.008596,330,5,--a 331,--b 6
0.869644,330,6,--a 331,--b 7
0.782574,330,7,--a 331,--b 8
0.750376,330,8,--a 331,--b 9
0.727488,330,9,--a 331,--b 10
5.455954,340,0,--a 341,--b 1
2.763495,340,1,--a 341,--b 2
1.925646,340,2,--a 341,--b 3
1.455322,340,3,--a 341,--b 4
1.212103,340,4,--a 341,--b 5
1.033844,340,5,--a 341,--b 6
0.914068,340,6,--a 341,--b 7
0.803454,340,7,--a 341,--b 8
0.785967,340,8,--a 341,--b 9
0.745544,340,9,--a 341,--b 10
5.703655,350,0,--a 351,--b 1
2.939806,350,1,--a 351,--b 2
1.914953,350,2,--a 351,--b 3
1.49544,350,3,--a 351,--b 4
1.239876,350,4,--a 351,--b 5
1.013721,350,5,--a 351,--b 6
0.955805,350,6,--a 351,--b 7
0.897868,350,7,--a 351,--b 8
0.678445,350,8,--a 351,--b 9
0.779259,350,9,--a 351,--b 10
5.741465,360,0,--a 361,--b 1
2.899557,360,1,--a 361,--b 2
1.978237,360,2,--a 361,--b 3
1.594432,360,3,--a 361,--b 4
1.25708,360,4,--a 361,--b 5
1.095184,360,5,--a 361,--b 6
0.923091,360,6,--a 361,--b 7
0.900084,360,7,--a 361,--b 8
0.819569,360,8,--a 361,--b 9
0.7846,360,9,--a 361,--b 10
5.933947,370,0,--a 371,--b 1
3.032467,370,1,--a 371,--b 2
2.008839,370,2,--a 371,--b 3
1.570293,370,3,--a 371,--b 4
1.299424,370,4,--a 371,--b 5
1.099857,370,5,--a 371,--b 6
0.892734,370,6,--a 371,--b 7
0.896642,370,7,--a 371,--b 8
0.788257,370,8,--a 371,--b 9
0.841042,370,9,--a 371,--b 10
6.183998,380,0,--a 381,--b 1
3.057064,380,1,--a 381,--b 2
2.07555,380,2,--a 381,--b 3
1.615231,380,3,--a 381,--b 4
1.454247,380,4,--a 381,--b 5
1.164814,380,5,--a 381,--b 6
0.983566,380,6,--a 381,--b 7
0.867958,380,7,--a 381,--b 8
0.740678,380,8,--a 381,--b 9
0.814563,380,9,--a 381,--b 10
6.312186,390,0,--a 391,--b 1
3.264462,390,1,--a 391,--b 2
2.148272,390,2,--a 391,--b 3
1.66034,390,3,--a 391,--b 4
1.357826,390,4,--a 391,--b 5
1.180549,390,5,--a 391,--b 6
1.108932,390,6,--a 391,--b 7
0.972364,390,7,--a 391,--b 8
0.815554,390,8,--a 391,--b 9
0.829439,390,9,--a 391,--b 10
6.60756,400,0,--a 401,--b 1
3.233701,400,1,--a 401,--b 2
2.171176,400,2,--a 401,--b 3
1.697479,400,3,--a 401,--b 4
1.417724,400,4,--a 401,--b 5
1.226017,400,5,--a 401,--b 6
1.007986,400,6,--a 401,--b 7
0.976615,400,7,--a 401,--b 8
0.843581,400,8,--a 401,--b 9
0.836081,400,9,--a 401,--b 10
6.658485,410,0,--a 411,--b 1
3.448636,410,1,--a 411,--b 2
2.244152,410,2,--a 411,--b 3
1.764154,410,3,--a 411,--b 4
1.41615,410,4,--a 411,--b 5
1.161967,410,5,--a 411,--b 6
1.052546,410,6,--a 411,--b 7
0.929875,410,7,--a 411,--b 8
0.813441,410,8,--a 411,--b 9
0.862875,410,9,--a 411,--b 10
6.8275,420,0,--a 421,--b 1
3.470204,420,1,--a 421,--b 2
2.306224,420,2,--a 421,--b 3
1.760278,420,3,--a 421,--b 4
1.495779,420,4,--a 421,--b 5
1.242995,420,5,--a 421,--b 6
1.173385,420,6,--a 421,--b 7
0.944445,420,7,--a 421,--b 8
0.863053,420,8,--a 421,--b 9
0.876858,420,9,--a 421,--b 10
7.21218,430,0,--a 431,--b 1
3.578671,430,1,--a 431,--b 2
2.331939,430,2,--a 431,--b 3
1.808243,430,3,--a 431,--b 4
1.576248,430,4,--a 431,--b 5
1.282144,430,5,--a 431,--b 6
1.109378,430,6,--a 431,--b 7
0.997672,430,7,--a 431,--b 8
0.961084,430,8,--a 431,--b 9
0.891598,430,9,--a 431,--b 10
7.159,440,0,--a 441,--b 1
3.611465,440,1,--a 441,--b 2
2.389303,440,2,--a 441,--b 3
1.856864,440,3,--a 441,--b 4
1.508824,440,4,--a 441,--b 5
1.243621,440,5,--a 441,--b 6
1.033007,440,6,--a 441,--b 7
1.039704,440,7,--a 441,--b 8
0.816324,440,8,--a 441,--b 9
0.89784,440,9,--a 441,--b 10
7.273584,450,0,--a 451,--b 1
3.603026,450,1,--a 451,--b 2
2.492798,450,2,--a 451,--b 3
1.869981,450,3,--a 451,--b 4
1.554053,450,4,--a 451,--b 5
1.322133,450,5,--a 451,--b 6
1.115583,450,6,--a 451,--b 7
1.039388,450,7,--a 451,--b 8
1.031076,450,8,--a 451,--b 9
0.950359,450,9,--a 451,--b 10
7.372113,460,0,--a 461,--b 1
3.711527,460,1,--a 461,--b 2
2.492756,460,2,--a 461,--b 3
1.93153,460,3,--a 461,--b 4
1.57079,460,4,--a 461,--b 5
1.364815,460,5,--a 461,--b 6
1.180475,460,6,--a 461,--b 7
1.023676,460,7,--a 461,--b 8
0.947102,460,8,--a 461,--b 9
0.956973,460,9,--a 461,--b 10
7.605295,470,0,--a 471,--b 1
3.837455,470,1,--a 471,--b 2
2.551427,470,2,--a 471,--b 3
1.97528,470,3,--a 471,--b 4
1.612699,470,4,--a 471,--b 5
1.327833,470,5,--a 471,--b 6
1.306047,470,6,--a 471,--b 7
1.098934,470,7,--a 471,--b 8
0.921779,470,8,--a 471,--b 9
0.959704,470,9,--a 471,--b 10
7.73004,480,0,--a 481,--b 1
3.854454,480,1,--a 481,--b 2
2.750324,480,2,--a 481,--b 3
2.049179,480,3,--a 481,--b 4
1.679361,480,4,--a 481,--b 5
1.416502,480,5,--a 481,--b 6
1.203639,480,6,--a 481,--b 7
1.109854,480,7,--a 481,--b 8
0.989058,480,8,--a 481,--b 9
1.050431,480,9,--a 481,--b 10
7.873722,490,0,--a 491,--b 1
3.961151,490,1,--a 491,--b 2
2.694431,490,2,--a 491,--b 3
2.025156,490,3,--a 491,--b 4
1.665187,490,4,--a 491,--b 5
1.422276,490,5,--a 491,--b 6
1.253352,490,6,--a 491,--b 7
1.096206,490,7,--a 491,--b 8
1.005182,490,8,--a 491,--b 9
0.988287,490,9,--a 491,--b 10
8.0876,500,0,--a 501,--b 1
4.055599,500,1,--a 501,--b 2
2.696861,500,2,--a 501,--b 3
2.192355,500,3,--a 501,--b 4
1.725721,500,4,--a 501,--b 5
1.454087,500,5,--a 501,--b 6
1.271809,500,6,--a 501,--b 7
1.098759,500,7,--a 501,--b 8
0.962303,500,8,--a 501,--b 9
1.037757,500,9,--a 501,--b 10
8.337877,510,0,--a 511,--b 1
4.078151,510,1,--a 511,--b 2
2.811086,510,2,--a 511,--b 3
2.153625,510,3,--a 511,--b 4
1.871544,510,4,--a 511,--b 5
1.488372,510,5,--a 511,--b 6
1.211544,510,6,--a 511,--b 7
1.16137,510,7,--a 511,--b 8
1.0479,510,8,--a 511,--b 9
1.019278,510,9,--a 511,--b 10
8.30242,520,0,--a 521,--b 1
4.232285,520,1,--a 521,--b 2
2.809956,520,2,--a 521,--b 3
2.167013,520,3,--a 521,--b 4
1.761618,520,4,--a 521,--b 5
1.529653,520,5,--a 521,--b 6
1.303749,520,6,--a 521,--b 7
1.195713,520,7,--a 521,--b 8
1.114523,520,8,--a 521,--b 9
1.041867,520,9,--a 521,--b 10
8.491688,530,0,--a 531,--b 1
4.343858,530,1,--a 531,--b 2
2.82373,530,2,--a 531,--b 3
2.211494,530,3,--a 531,--b 4
1.837753,530,4,--a 531,--b 5
1.465526,530,5,--a 531,--b 6
1.347527,530,6,--a 531,--b 7
1.159544,530,7,--a 531,--b 8
0.98983,530,8,--a 531,--b 9
1.054107,530,9,--a 531,--b 10
8.627887,540,0,--a 541,--b 1
4.374676,540,1,--a 541,--b 2
2.931216,540,2,--a 541,--b 3
2.281959,540,3,--a 541,--b 4
1.841392,540,4,--a 541,--b 5
1.595452,540,5,--a 541,--b 6
1.374649,540,6,--a 541,--b 7
1.1885,540,7,--a 541,--b 8
1.135207,540,8,--a 541,--b 9
1.111033,540,9,--a 541,--b 10
9.117362,550,0,--a 551,--b 1
4.521511,550,1,--a 551,--b 2
3.051653,550,2,--a 551,--b 3
2.309547,550,3,--a 551,--b 4
1.89421,550,4,--a 551,--b 5
1.590097,550,5,--a 551,--b 6
1.380004,550,6,--a 551,--b 7
1.253633,550,7,--a 551,--b 8
1.113322,550,8,--a 551,--b 9
1.092612,550,9,--a 551,--b 10
9.048513,560,0,--a 561,--b 1
4.555587,560,1,--a 561,--b 2
3.011343,560,2,--a 561,--b 3
2.34383,560,3,--a 561,--b 4
1.922462,560,4,--a 561,--b 5
1.570238,560,5,--a 561,--b 6
1.46568,560,6,--a 561,--b 7
1.307087,560,7,--a 561,--b 8
1.080253,560,8,--a 561,--b 9
1.099925,560,9,--a 561,--b 10
9.294032,570,0,--a 571,--b 1
4.633444,570,1,--a 571,--b 2
3.155423,570,2,--a 571,--b 3
2.374484,570,3,--a 571,--b 4
1.965445,570,4,--a 571,--b 5
1.660083,570,5,--a 571,--b 6
1.427918,570,6,--a 571,--b 7
1.259066,570,7,--a 571,--b 8
1.176126,570,8,--a 571,--b 9
1.139794,570,9,--a 571,--b 10
9.494876,580,0,--a 581,--b 1
4.709557,580,1,--a 581,--b 2
3.175411,580,2,--a 581,--b 3
2.424812,580,3,--a 581,--b 4
1.97295,580,4,--a 581,--b 5
1.682089,580,5,--a 581,--b 6
1.399637,580,6,--a 581,--b 7
1.262483,580,7,--a 581,--b 8
1.150765,580,8,--a 581,--b 9
1.143742,580,9,--a 581,--b 10
9.564426,590,0,--a 591,--b 1
4.799299,590,1,--a 591,--b 2
3.176129,590,2,--a 591,--b 3
2.490425,590,3,--a 591,--b 4
2.037734,590,4,--a 591,--b 5
1.652452,590,5,--a 591,--b 6
1.535964,590,6,--a 591,--b 7
1.348898,590,7,--a 591,--b 8
1.145614,590,8,--a 591,--b 9
1.160574,590,9,--a 591,--b 10
9.562395,600,0,--a 601,--b 1
4.856649,600,1,--a 601,--b 2
3.249226,600,2,--a 601,--b 3
2.475749,600,3,--a 601,--b 4
2.037875,600,4,--a 601,--b 5
1.7856,600,5,--a 601,--b 6
1.498939,600,6,--a 601,--b 7
1.346685,600,7,--a 601,--b 8
1.244806,600,8,--a 601,--b 9
1.16128,600,9,--a 601,--b 10
9.743293,610,0,--a 611,--b 1
4.883462,610,1,--a 611,--b 2
3.286663,610,2,--a 611,--b 3
2.527573,610,3,--a 611,--b 4
2.058713,610,4,--a 611,--b 5
1.747565,610,5,--a 611,--b 6
1.523911,610,6,--a 611,--b 7
1.332777,610,7,--a 611,--b 8
1.275906,610,8,--a 611,--b 9
1.204006,610,9,--a 611,--b 10
10.055784,620,0,--a 621,--b 1
4.969259,620,1,--a 621,--b 2
3.311157,620,2,--a 621,--b 3
2.79744,620,3,--a 621,--b 4
2.089923,620,4,--a 621,--b 5
1.768982,620,5,--a 621,--b 6
1.511489,620,6,--a 621,--b 7
1.375637,620,7,--a 621,--b 8
1.129805,620,8,--a 621,--b 9
1.194426,620,9,--a 621,--b 10
10.185739,630,0,--a 631,--b 1
5.139836,630,1,--a 631,--b 2
3.438471,630,2,--a 631,--b 3
2.574682,630,3,--a 631,--b 4
2.140861,630,4,--a 631,--b 5
1.793505,630,5,--a 631,--b 6
1.580291,630,6,--a 631,--b 7
1.447074,630,7,--a 631,--b 8
1.306245,630,8,--a 631,--b 9
1.205479,630,9,--a 631,--b 10
10.193767,640,0,--a 641,--b 1
5.157665,640,1,--a 641,--b 2
3.451614,640,2,--a 641,--b 3
2.639503,640,3,--a 641,--b 4
2.134823,640,4,--a 641,--b 5
1.811772,640,5,--a 641,--b 6
1.563947,640,6,--a 641,--b 7
1.44423,640,7,--a 641,--b 8
1.2574,640,8,--a 641,--b 9
1.220568,640,9,--a 641,--b 10
10.386769,650,0,--a 651,--b 1
5.29511,650,1,--a 651,--b 2
3.464609,650,2,--a 651,--b 3
2.660192,650,3,--a 651,--b 4
2.183642,650,4,--a 651,--b 5
1.819885,650,5,--a 651,--b 6
1.51412,650,6,--a 651,--b 7
1.417258,650,7,--a 651,--b 8
1.227454,650,8,--a 651,--b 9
1.218403,650,9,--a 651,--b 10
10.648927,660,0,--a 661,--b 1
5.438406,660,1,--a 661,--b 2
3.561821,660,2,--a 661,--b 3
2.698737,660,3,--a 661,--b 4
2.197342,660,4,--a 661,--b 5
1.887327,660,5,--a 661,--b 6
1.62137,660,6,--a 661,--b 7
1.446957,660,7,--a 661,--b 8
1.283779,660,8,--a 661,--b 9
1.244254,660,9,--a 661,--b 10
10.967796,670,0,--a 671,--b 1
5.484614,670,1,--a 671,--b 2
3.624225,670,2,--a 671,--b 3
2.798593,670,3,--a 671,--b 4
2.252636,670,4,--a 671,--b 5
1.90235,670,5,--a 671,--b 6
1.649056,670,6,--a 671,--b 7
1.485646,670,7,--a 671,--b 8
1.311368,670,8,--a 671,--b 9
1.268241,670,9,--a 671,--b 10
10.845687,680,0,--a 681,--b 1
5.477223,680,1,--a 681,--b 2
3.670367,680,2,--a 681,--b 3
2.783643,680,3,--a 681,--b 4
2.312796,680,4,--a 681,--b 5
1.845536,680,5,--a 681,--b 6
1.723716,680,6,--a 681,--b 7
1.52009,680,7,--a 681,--b 8
1.26519,680,8,--a 681,--b 9
1.295781,680,9,--a 681,--b 10
11.205134,690,0,--a 691,--b 1
5.52918,690,1,--a 691,--b 2
3.737504,690,2,--a 691,--b 3
2.953242,690,3,--a 691,--b 4
2.300179,690,4,--a 691,--b 5
1.949393,690,5,--a 691,--b 6
1.71248,690,6,--a 691,--b 7
1.562822,690,7,--a 691,--b 8
1.347207,690,8,--a 691,--b 9
1.288301,690,9,--a 691,--b 10
11.436328,700,0,--a 701,--b 1
5.598454,700,1,--a 701,--b 2
3.770008,700,2,--a 701,--b 3
2.938929,700,3,--a 701,--b 4
2.368882,700,4,--a 701,--b 5
1.979183,700,5,--a 701,--b 6
1.746087,700,6,--a 701,--b 7
1.489082,700,7,--a 701,--b 8
1.443805,700,8,--a 701,--b 9
1.325708,700,9,--a 701,--b 10
12.135632,710,0,--a 711,--b 1
5.756532,710,1,--a 711,--b 2
3.811951,710,2,--a 711,--b 3
2.890356,710,3,--a 711,--b 4
2.420124,710,4,--a 711,--b 5
1.996384,710,5,--a 711,--b 6
1.756569,710,6,--a 711,--b 7
1.551081,710,7,--a 711,--b 8
1.306643,710,8,--a 711,--b 9
1.338196,710,9,--a 711,--b 10
11.594548,720,0,--a 721,--b 1
5.941917,720,1,--a 721,--b 2
3.914103,720,2,--a 721,--b 3
2.950252,720,3,--a 721,--b 4
2.450901,720,4,--a 721,--b 5
2.036437,720,5,--a 721,--b 6
1.714632,720,6,--a 721,--b 7
1.638642,720,7,--a 721,--b 8
1.430698,720,8,--a 721,--b 9
1.39054,720,9,--a 721,--b 10
11.982489,730,0,--a 731,--b 1
5.920413,730,1,--a 731,--b 2
3.99073,730,2,--a 731,--b 3
3.057206,730,3,--a 731,--b 4
2.555974,730,4,--a 731,--b 5
2.05865,730,5,--a 731,--b 6
1.77354,730,6,--a 731,--b 7
1.549693,730,7,--a 731,--b 8
1.473739,730,8,--a 731,--b 9
1.350543,730,9,--a 731,--b 10
11.924487,740,0,--a 741,--b 1
6.018978,740,1,--a 741,--b 2
3.931186,740,2,--a 741,--b 3
3.064853,740,3,--a 741,--b 4
2.493281,740,4,--a 741,--b 5
2.154235,740,5,--a 741,--b 6
1.836596,740,6,--a 741,--b 7
1.633402,740,7,--a 741,--b 8
1.424045,740,8,--a 741,--b 9
1.384987,740,9,--a 741,--b 10
12.100789,750,0,--a 751,--b 1
6.070882,750,1,--a 751,--b 2
4.075503,750,2,--a 751,--b 3
3.07419,750,3,--a 751,--b 4
2.481595,750,4,--a 751,--b 5
2.098854,750,5,--a 751,--b 6
1.892778,750,6,--a 751,--b 7
1.674468,750,7,--a 751,--b 8
1.46421,750,8,--a 751,--b 9
1.409321,750,9,--a 751,--b 10
12.403966,760,0,--a 761,--b 1
6.150861,760,1,--a 761,--b 2
4.113755,760,2,--a 761,--b 3
3.141287,760,3,--a 761,--b 4
2.558887,760,4,--a 761,--b 5
2.158196,760,5,--a 761,--b 6
1.8611,760,6,--a 761,--b 7
1.694306,760,7,--a 761,--b 8
1.470819,760,8,--a 761,--b 9
1.404895,760,9,--a 761,--b 10
12.465363,770,0,--a 771,--b 1
6.204211,770,1,--a 771,--b 2
4.142854,770,2,--a 771,--b 3
3.128855,770,3,--a 771,--b 4
2.593014,770,4,--a 771,--b 5
2.181575,770,5,--a 771,--b 6
1.884198,770,6,--a 771,--b 7
1.651794,770,7,--a 771,--b 8
1.498831,770,8,--a 771,--b 9
1.529864,770,9,--a 771,--b 10
12.944323,780,0,--a 781,--b 1
6.338311,780,1,--a 781,--b 2
4.217658,780,2,--a 781,--b 3
3.171828,780,3,--a 781,--b 4
2.590769,780,4,--a 781,--b 5
2.207161,780,5,--a 781,--b 6
1.881698,780,6,--a 781,--b 7
1.721981,780,7,--a 781,--b 8
1.51069,780,8,--a 781,--b 9
1.434896,780,9,--a 781,--b 10
12.667014,790,0,--a 791,--b 1
6.491717,790,1,--a 791,--b 2
4.394996,790,2,--a 791,--b 3
3.221464,790,3,--a 791,--b 4
2.659459,790,4,--a 791,--b 5
2.224748,790,5,--a 791,--b 6
1.921629,790,6,--a 791,--b 7
1.732245,790,7,--a 791,--b 8
1.569722,790,8,--a 791,--b 9
1.459505,790,9,--a 791,--b 10
12.851414,800,0,--a 801,--b 1
6.512476,800,1,--a 801,--b 2
4.282019,800,2,--a 801,--b 3
3.328453,800,3,--a 801,--b 4
2.696311,800,4,--a 801,--b 5
2.197203,800,5,--a 801,--b 6
1.917147,800,6,--a 801,--b 7
1.81941,800,7,--a 801,--b 8
1.478181,800,8,--a 801,--b 9
1.458917,800,9,--a 801,--b 10
13.416326,810,0,--a 811,--b 1
6.550363,810,1,--a 811,--b 2
4.321132,810,2,--a 811,--b 3
3.43708,810,3,--a 811,--b 4
2.711461,810,4,--a 811,--b 5
2.262041,810,5,--a 811,--b 6
1.979744,810,6,--a 811,--b 7
1.825518,810,7,--a 811,--b 8
1.609868,810,8,--a 811,--b 9
1.547485,810,9,--a 811,--b 10
13.163528,820,0,--a 821,--b 1
6.638238,820,1,--a 821,--b 2
4.679901,820,2,--a 821,--b 3
3.359965,820,3,--a 821,--b 4
2.719053,820,4,--a 821,--b 5
2.31237,820,5,--a 821,--b 6
1.968872,820,6,--a 821,--b 7
1.763362,820,7,--a 821,--b 8
1.574637,820,8,--a 821,--b 9
1.505197,820,9,--a 821,--b 10
13.579618,830,0,--a 831,--b 1
6.742144,830,1,--a 831,--b 2
4.394991,830,2,--a 831,--b 3
3.381675,830,3,--a 831,--b 4
2.790782,830,4,--a 831,--b 5
2.356727,830,5,--a 831,--b 6
2.020605,830,6,--a 831,--b 7
1.827656,830,7,--a 831,--b 8
1.587395,830,8,--a 831,--b 9
1.551833,830,9,--a 831,--b 10
13.554252,840,0,--a 841,--b 1
6.778981,840,1,--a 841,--b 2
4.825557,840,2,--a 841,--b 3
3.520451,840,3,--a 841,--b 4
2.762249,840,4,--a 841,--b 5
2.399841,840,5,--a 841,--b 6
2.046314,840,6,--a 841,--b 7
1.844695,840,7,--a 841,--b 8
1.614567,840,8,--a 841,--b 9
1.582724,840,9,--a 841,--b 10
13.714365,850,0,--a 851,--b 1
6.94003,850,1,--a 851,--b 2
4.585322,850,2,--a 851,--b 3
3.469686,850,3,--a 851,--b 4
2.785708,850,4,--a 851,--b 5
2.381611,850,5,--a 851,--b 6
2.030243,850,6,--a 851,--b 7
1.786474,850,7,--a 851,--b 8
1.633546,850,8,--a 851,--b 9
1.623367,850,9,--a 851,--b 10
13.982547,860,0,--a 861,--b 1
6.975786,860,1,--a 861,--b 2
4.745482,860,2,--a 861,--b 3
3.564531,860,3,--a 861,--b 4
2.942226,860,4,--a 861,--b 5
2.349452,860,5,--a 861,--b 6
2.05374,860,6,--a 861,--b 7
1.820577,860,7,--a 861,--b 8
1.617949,860,8,--a 861,--b 9
1.600452,860,9,--a 861,--b 10
13.999079,870,0,--a 871,--b 1
7.132262,870,1,--a 871,--b 2
4.786203,870,2,--a 871,--b 3
3.618467,870,3,--a 871,--b 4
2.861355,870,4,--a 871,--b 5
2.42035,870,5,--a 871,--b 6
2.081429,870,6,--a 871,--b 7
1.8828,870,7,--a 871,--b 8
1.661209,870,8,--a 871,--b 9
1.568461,870,9,--a 871,--b 10
14.354524,880,0,--a 881,--b 1
7.396242,880,1,--a 881,--b 2
4.759343,880,2,--a 881,--b 3
3.584009,880,3,--a 881,--b 4
3.043882,880,4,--a 881,--b 5
2.451811,880,5,--a 881,--b 6
2.157086,880,6,--a 881,--b 7
1.892843,880,7,--a 881,--b 8
1.789795,880,8,--a 881,--b 9
1.589009,880,9,--a 881,--b 10
14.230483,890,0,--a 891,--b 1
7.210819,890,1,--a 891,--b 2
4.753663,890,2,--a 891,--b 3
3.606498,890,3,--a 891,--b 4
2.940377,890,4,--a 891,--b 5
2.474691,890,5,--a 891,--b 6
2.199294,890,6,--a 891,--b 7
1.973916,890,7,--a 891,--b 8
1.636498,890,8,--a 891,--b 9
1.642395,890,9,--a 891,--b 10
14.696105,900,0,--a 901,--b 1
7.285364,900,1,--a 901,--b 2
4.848687,900,2,--a 901,--b 3
3.721002,900,3,--a 901,--b 4
2.954081,900,4,--a 901,--b 5
2.529399,900,5,--a 901,--b 6
2.127483,900,6,--a 901,--b 7
1.885779,900,7,--a 901,--b 8
1.798301,900,8,--a 901,--b 9
1.639293,900,9,--a 901,--b 10
15.054797,910,0,--a 911,--b 1
7.49617,910,1,--a 911,--b 2
4.991421,910,2,--a 911,--b 3
3.709675,910,3,--a 911,--b 4
3.096653,910,4,--a 911,--b 5
2.516627,910,5,--a 911,--b 6
2.194182,910,6,--a 911,--b 7
1.966911,910,7,--a 911,--b 8
1.747205,910,8,--a 911,--b 9
1.666468,910,9,--a 911,--b 10
14.750209,920,0,--a 921,--b 1
7.336094,920,1,--a 921,--b 2
4.987288,920,2,--a 921,--b 3
3.763865,920,3,--a 921,--b 4
3.024972,920,4,--a 921,--b 5
2.543534,920,5,--a 921,--b 6
2.180779,920,6,--a 921,--b 7
2.1484,920,7,--a 921,--b 8
1.716466,920,8,--a 921,--b 9
1.667118,920,9,--a 921,--b 10
14.850762,930,0,--a 931,--b 1
7.58458,930,1,--a 931,--b 2
5.004144,930,2,--a 931,--b 3
3.766231,930,3,--a 931,--b 4
3.060911,930,4,--a 931,--b 5
2.662075,930,5,--a 931,--b 6
2.14879,930,6,--a 931,--b 7
1.996456,930,7,--a 931,--b 8
1.817541,930,8,--a 931,--b 9
1.675089,930,9,--a 931,--b 10
15.16175,940,0,--a 941,--b 1
7.633609,940,1,--a 941,--b 2
5.070994,940,2,--a 941,--b 3
3.86173,940,3,--a 941,--b 4
3.116174,940,4,--a 941,--b 5
2.607813,940,5,--a 941,--b 6
2.279273,940,6,--a 941,--b 7
1.970656,940,7,--a 941,--b 8
1.775032,940,8,--a 941,--b 9
1.76066,940,9,--a 941,--b 10
15.940298,950,0,--a 951,--b 1
7.848345,950,1,--a 951,--b 2
5.117735,950,2,--a 951,--b 3
3.906324,950,3,--a 951,--b 4
3.148238,950,4,--a 951,--b 5
2.567201,950,5,--a 951,--b 6
2.29243,950,6,--a 951,--b 7
2.041868,950,7,--a 951,--b 8
1.759689,950,8,--a 951,--b 9
1.691219,950,9,--a 951,--b 10
15.46332,960,0,--a 961,--b 1
7.772917,960,1,--a 961,--b 2
5.273278,960,2,--a 961,--b 3
3.989953,960,3,--a 961,--b 4
3.174415,960,4,--a 961,--b 5
2.719025,960,5,--a 961,--b 6
2.309393,960,6,--a 961,--b 7
2.077042,960,7,--a 961,--b 8
1.82069,960,8,--a 961,--b 9
1.729805,960,9,--a 961,--b 10
15.594576,970,0,--a 971,--b 1
7.892673,970,1,--a 971,--b 2
5.263371,970,2,--a 971,--b 3
3.94581,970,3,--a 971,--b 4
3.194816,970,4,--a 971,--b 5
2.733157,970,5,--a 971,--b 6
2.352732,970,6,--a 971,--b 7
2.092481,970,7,--a 971,--b 8
1.916154,970,8,--a 971,--b 9
1.746385,970,9,--a 971,--b 10
15.684676,980,0,--a 981,--b 1
8.172185,980,1,--a 981,--b 2
5.211606,980,2,--a 981,--b 3
4.041399,980,3,--a 981,--b 4
3.270943,980,4,--a 981,--b 5
2.694284,980,5,--a 981,--b 6
2.367978,980,6,--a 981,--b 7
2.093271,980,7,--a 981,--b 8
1.759716,980,8,--a 981,--b 9
1.760382,980,9,--a 981,--b 10
16.363695,990,0,--a 991,--b 1
8.010354,990,1,--a 991,--b 2
5.399675,990,2,--a 991,--b 3
4.042921,990,3,--a 991,--b 4
3.284179,990,4,--a 991,--b 5
2.730139,990,5,--a 991,--b 6
2.375114,990,6,--a 991,--b 7
2.106657,990,7,--a 991,--b 8
1.950311,990,8,--a 991,--b 9
1.756563,990,9,--a 991,--b 10
